1427.2424,540.19885,1426.7739,540.7289,339,-0.46850586,0.5300293
1380.482,589.0942,1380.8505,589.7797,339,0.3684082,0.6855469
1338.6501,527.0608,1338.967,527.6725,339,0.31689453,0.61169434
1384.457,478.04193,1385.1353,479.10416,339,0.67822266,1.0622253
2685.4949,835.7798,2686.0884,836.53217,339,0.59350586,0.7523804
2645.7427,887.2008,2645.8708,887.9405,339,0.12817383,0.73968506
2626.3457,810.2804,2624.7534,811.0849,339,-1.5922852,0.8045044
2665.261,758.4832,2665.4773,759.86456,339,0.2163086,1.3813477
2146.339,1529.6666,2146.3704,1529.7742,339,0.03125,0.107543945
2093.4355,1511.6583,2092.8723,1512.9204,339,-0.5632324,1.262085
2106.5798,1451.9879,2106.4565,1451.9323,339,-0.123291016,-0.055664062
2159.1,1468.079,2159.318,1468.1836,339,0.21801758,0.10461426
2025.0608,916.3669,2025.066,917.07623,339,0.0052490234,0.7093506
1902.9869,914.8566,1903.126,915.34326,339,0.13903809,0.4866333
1913.9259,840.82715,1914.4935,841.7441,339,0.56762695,0.91693115
2039.7216,841.3902,2040.1324,843.269,339,0.41088867,1.8787842
2446.6423,2061.6992,2446.8418,2061.9138,339,0.19946289,0.21459961
2376.4849,2042.746,2376.2896,2043.1414,339,-0.1953125,0.39538574
2386.7522,1964.2125,2387.2378,1964.4331,339,0.4855957,0.22058105
2456.5593,1981.7651,2456.7744,1981.9918,339,0.21508789,0.22668457
1713.0381,1635.8297,1713.2632,1636.2002,339,0.22509766,0.3704834
1661.596,1627.1448,1661.1766,1627.8278,339,-0.41931152,0.6829834
1666.9875,1561.1996,1666.7795,1560.9563,339,-0.20800781,-0.24328613
1717.8838,1568.6735,1718.0413,1569.2385,339,0.1574707,0.5650635
1474.0774,1880.873,1474.515,1881.3013,339,0.43762207,0.42822266
1428.5328,1871.7828,1428.3885,1872.4066,339,-0.14428711,0.6237793
1433.9392,1813.7317,1433.6307,1813.7968,339,-0.30847168,0.06506348
1478.5817,1821.8837,1479.1871,1823.0587,339,0.60546875,1.1750488
1719.9043,899.91595,1719.8658,900.3193,339,-0.03845215,0.4033203
1679.8804,898.0812,1679.7041,899.1965,339,-0.17626953,1.1152954
1680.6995,869.2842,1680.7932,870.0,339,0.09375,0.7158203
1720.4202,869.2257,1721.3468,870.0,339,0.92663574,0.774292
1669.0167,1041.0708,1668.7297,1040.7018,339,-0.2869873,-0.36901855
1622.8077,1039.4679,1623.6237,1039.1183,339,0.81591797,-0.34960938
1624.0,1006.5,1624.2864,1007.34467,339,0.28637695,0.8446655
1669.9155,1007.1111,1670.2388,1008.25134,339,0.3232422,1.1402588
1838.809,1453.6077,1838.7618,1454.1271,339,-0.04711914,0.5194092
1745.4331,1458.0758,1746.8491,1458.7521,339,1.4160156,0.67626953
1745.8049,1396.7074,1747.0715,1397.067,339,1.2666016,0.35961914
1840.7993,1391.2949,1841.0557,1392.4176,339,0.25634766,1.1226807
2158.3381,1322.4783,2158.684,1323.3745,339,0.34594727,0.89624023
2108.282,1338.2305,2107.9678,1339.3213,339,-0.31420898,1.0908203
2086.3022,1307.9302,2085.3672,1308.0792,339,-0.9350586,0.14904785
2135.1338,1291.489,2135.2905,1292.3383,339,0.15673828,0.84924316
1554.399,1021.3873,1554.6406,1021.65533,339,0.24157715,0.26800537
1510.8784,1019.5135,1510.811,1020.1933,339,-0.06738281,0.6798096
1514.658,965.7887,1514.4397,965.8558,339,-0.21826172,0.06707764
1558.85,966.8071,1558.8694,967.3144,339,0.01940918,0.5072632
1686.685,908.8593,1687.2301,908.6058,339,0.54504395,-0.25354004
1619.183,949.87604,1619.54,950.7522,339,0.35705566,0.87615967
1590.1813,866.8608,1589.5957,867.607,339,-0.5855713,0.7462158
1657.694,823.28235,1658.5227,825.0053,339,0.82873535,1.7229614
2422.55,1555.4569,2423.3542,1555.4417,339,0.8041992,-0.015258789
2398.852,1496.3013,2399.0261,1496.2408,339,0.17407227,-0.060424805
2487.1465,1485.7234,2487.789,1486.5089,339,0.6425781,0.78552246
2513.839,1545.6957,2512.739,1545.6075,339,-1.1000977,-0.088134766
1814.75,1059.9277,1814.9127,1060.2712,339,0.16271973,0.34350586
1752.6937,1035.6989,1753.4553,1036.3391,339,0.7615967,0.6402588
1775.9482,965.8046,1776.2897,966.4165,339,0.34143066,0.61187744
1838.3292,990.2181,1838.8792,991.07336,339,0.54992676,0.85528564
1948.8928,1037.373,1949.5852,1037.5472,339,0.6923828,0.17419434
1854.8384,1043.2202,1855.6968,1043.2192,339,0.85839844,-0.0009765625
1855.7992,919.4478,1856.6895,920.2213,339,0.8902588,0.77349854
1951.6686,912.5263,1952.1421,914.03723,339,0.47351074,1.5109253
853.6583,1419.5188,854.0513,1420.152,339,0.39294434,0.6331787
804.41364,1395.6448,804.5645,1396.6376,339,0.1508789,0.99279785
822.0727,1340.8746,822.22095,1340.7814,339,0.1482544,-0.09326172
870.1646,1363.75,871.16986,1364.3329,339,1.005249,0.58288574
1764.177,1160.967,1764.6637,1161.5135,339,0.48669434,0.5465088
1720.8503,1130.9602,1720.6117,1131.3275,339,-0.23864746,0.36730957
1735.3483,1095.4551,1735.4847,1095.8514,339,0.13647461,0.3963623
1779.755,1125.828,1780.0365,1126.8165,339,0.28149414,0.9885254
1841.33,2234.0488,1840.8944,2234.335,339,-0.43554688,0.2861328
1906.9426,2161.4438,1907.1296,2162.0261,339,0.18701172,0.5822754
1964.6252,2215.436,1964.48,2215.8545,339,-0.14526367,0.41845703
1896.9369,2290.8264,1896.8807,2290.4915,339,-0.056152344,-0.33496094
1731.358,850.89606,1731.7157,851.125,339,0.35766602,0.22894287
1670.0906,848.9778,1670.5239,850.8769,339,0.4333496,1.8991089
1671.998,783.079,1672.3898,783.80786,339,0.39172363,0.72888184
1732.2561,783.1563,1733.103,784.9883,339,0.8469238,1.8319702
1720.0703,1736.9963,1720.1504,1737.429,339,0.080078125,0.4326172
1663.0938,1734.0486,1662.9192,1734.631,339,-0.17456055,0.58239746
1664.0419,1668.0292,1664.2725,1668.1602,339,0.23059082,0.13098145
1720.5719,1669.4365,1721.353,1670.4618,339,0.7811279,1.0252686
1937.1888,1043.3854,1937.3052,1043.7383,339,0.11633301,0.35290527
1865.4437,1026.5,1865.5677,1027.0739,339,0.12402344,0.57385254
1876.047,949.53986,1876.1307,949.5102,339,0.083740234,-0.029663086
1949.2454,965.57465,1949.7338,966.5901,339,0.48840332,1.0154419
1970.2699,927.6712,1970.9537,928.1507,339,0.6838379,0.4794922
1926.9231,958.34357,1927.5219,959.317,339,0.5987549,0.9734497
1918.8823,922.1979,1917.862,922.5236,339,-1.0202637,0.32574463
1961.5358,890.9738,1961.9253,891.3772,339,0.38952637,0.40338135
1823.131,881.9865,1823.4868,882.4374,339,0.35583496,0.4508667
1749.6355,854.6007,1749.3915,855.3788,339,-0.24401855,0.7780762
1770.335,757.191,1770.4595,758.783,339,0.12451172,1.592041
1845.4423,784.65796,1845.9847,786.2324,339,0.54248047,1.5744629
1827.7778,1146.4187,1828.383,1146.3986,339,0.6052246,-0.020141602
1771.9348,1144.5288,1773.0,1145.1755,339,1.0651855,0.6467285
1772.7521,1108.1647,1773.0,1107.7954,339,0.2479248,-0.3692627
1828.9977,1108.7126,1829.5952,1109.3518,339,0.5975342,0.63916016
1857.8776,887.322,1858.7506,887.826,339,0.8730469,0.5039673
1794.5763,876.1957,1795.2151,877.4807,339,0.63879395,1.2850342
1801.2972,818.29517,1801.3643,818.77356,339,0.0670166,0.47839355
1865.3597,828.28656,1866.3031,829.6567,339,0.9433594,1.3701172
617.02435,1852.0168,616.9294,1852.3335,339,-0.0949707,0.3166504
687.9768,1807.063,688.7063,1808.5067,339,0.7294922,1.4437256
723.2413,1893.6095,723.7957,1893.6913,339,0.55444336,0.08178711
652.5833,1937.0962,652.8655,1937.4347,339,0.28216553,0.33850098
1877.0934,2074.0166,1877.8214,2073.788,339,0.72802734,-0.22851562
1802.9785,2090.873,1803.6132,2091.0676,339,0.63464355,0.19458008
1787.9231,2009.8141,1788.0731,2009.9622,339,0.15002441,0.14807129
1859.3553,1992.3187,1860.5037,1992.4807,339,1.1483154,0.1619873
1642.9242,490.56686,1643.6556,490.578,339,0.7314453,0.011138916
1556.8966,498.9655,1556.6848,499.55734,339,-0.21179199,0.5918274
1579.9791,452.32196,1579.5757,452.14572,339,-0.40344238,-0.17623901
1669.4697,442.829,1669.432,443.5579,339,-0.037719727,0.72888184
1846.2571,1074.259,1847.0995,1074.6038,339,0.8424072,0.34472656
1793.1678,1078.3145,1794.07,1078.9371,339,0.9020996,0.62268066
1791.1786,1007.12854,1791.4088,1007.089,339,0.23022461,-0.03955078
1843.7715,1001.61847,1844.617,1002.28265,339,0.845459,0.6641846
1600.6818,1016.6894,1600.8958,1016.6433,339,0.21398926,-0.046081543
1543.0883,1085.0961,1543.4454,1084.8611,339,0.35717773,-0.23498535
1495.5194,1004.227,1494.8553,1004.26666,339,-0.6640625,0.03967285
1553.0149,934.31287,1553.1285,935.58997,339,0.11364746,1.2770996
1428.5544,1433.9333,1428.3278,1434.494,339,-0.22668457,0.56066895
1469.906,1365.9844,1469.7969,1367.0498,339,-0.10913086,1.0654297
1520.9698,1422.742,1520.4066,1422.7493,339,-0.5632324,0.0073242188
1479.4543,1490.068,1479.2957,1490.1007,339,-0.1586914,0.032714844
1855.5983,1533.0486,1855.9995,1532.7435,339,0.40124512,-0.3050537
1804.8121,1533.9603,1805.616,1534.1718,339,0.803833,0.21142578
1800.3286,1474.4429,1800.9495,1474.2988,339,0.6208496,-0.14404297
1850.061,1472.6831,1850.651,1472.7806,339,0.5899658,0.09753418
1803.5159,1093.3986,1804.0099,1094.1622,339,0.49401855,0.7636719
1752.5391,1092.7366,1752.7053,1092.6921,339,0.16625977,-0.044433594
1754.028,1023.74054,1754.201,1022.7207,339,0.1730957,-1.0198364
1804.6342,1023.10364,1805.9978,1024.1707,339,1.3636475,1.0670166
1708.9463,810.4363,1709.467,811.78357,339,0.52075195,1.34729
1646.6921,811.7039,1646.7319,813.21,339,0.039794922,1.5061035
1630.0918,729.05054,1629.7109,729.6665,339,-0.38085938,0.6159668
1692.7837,725.1241,1693.3373,727.1037,339,0.55358887,1.9796143
1941.6428,1201.2432,1941.6735,1201.9829,339,0.030639648,0.7397461
1859.7706,1183.8373,1859.8309,1184.6266,339,0.060302734,0.78930664
1874.2007,1076.086,1874.9015,1076.7467,339,0.70080566,0.66064453
1957.2051,1092.848,1957.7211,1093.8242,339,0.5159912,0.9761963
1719.1042,949.3818,1719.334,950.2883,339,0.22973633,0.9065552
1649.0917,948.5789,1649.2833,949.02875,339,0.19165039,0.4498291
1658.1353,859.29333,1658.1853,859.99036,339,0.050048828,0.6970215
1729.1227,859.70483,1729.7511,861.33636,339,0.62841797,1.6315308
2587.568,1550.0227,2587.3467,1550.2434,339,-0.22143555,0.22070312
2528.1067,1559.8362,2527.9558,1560.0225,339,-0.1508789,0.1862793
2509.2197,1493.9294,2508.5447,1493.6975,339,-0.6750488,-0.2319336
2567.046,1483.3334,2567.1243,1483.9194,339,0.07836914,0.5860596
1975.3174,2139.6401,1974.8588,2139.889,339,-0.45861816,0.2487793
1922.6771,2122.35,1922.8207,2122.9404,339,0.14355469,0.59033203
1933.3225,2062.0054,1932.8733,2061.9912,339,-0.44921875,-0.014160156
1984.7367,2078.3623,1984.4573,2078.5364,339,-0.27941895,0.17407227
1511.8,1272.7467,1512.1782,1273.6896,339,0.37817383,0.9428711
1472.9226,1273.784,1473.0518,1275.2651,339,0.12915039,1.4810791
1474.7441,1226.6902,1474.9767,1227.3175,339,0.23254395,0.62731934
1514.0112,1225.5946,1514.6278,1226.0754,339,0.61657715,0.48083496
2195.5488,1353.1788,2195.9766,1353.3297,339,0.42773438,0.1508789
2131.1042,1299.2188,2130.5186,1300.1836,339,-0.58569336,0.96484375
2171.15,1218.1278,2171.2502,1219.6329,339,0.1003418,1.505127
2237.5645,1272.0,2237.71,1273.4525,339,0.14550781,1.4525146
1836.139,981.6401,1837.026,981.77966,339,0.8869629,0.1395874
1759.3962,980.4359,1760.2357,980.66583,339,0.83947754,0.22991943
1763.4467,881.0267,1764.321,881.7441,339,0.87438965,0.7174072
1841.8447,881.1023,1842.4268,882.1419,339,0.58203125,1.0396118
2064.2961,1993.0197,2063.9355,1993.426,339,-0.3605957,0.40637207
2000.0869,2000.6539,2000.3467,2001.0322,339,0.25976562,0.3782959
1997.2169,1925.933,1997.242,1926.4514,339,0.025024414,0.5184326
2059.421,1916.7467,2059.6687,1918.0974,339,0.24780273,1.350708
1327.7212,1529.7548,1327.7545,1529.3625,339,0.033325195,-0.3922119
1269.9203,1527.2826,1270.6942,1528.0569,339,0.7739258,0.774292
1270.1666,1460.7778,1269.7904,1460.5275,339,-0.3762207,-0.2503662
1327.4225,1461.0212,1328.8412,1462.3905,339,1.4187012,1.3692627
1858.7399,684.6108,1859.2251,685.1089,339,0.4852295,0.4981079
1786.4592,653.47784,1787.4802,653.9842,339,1.0209961,0.50634766
1803.4438,618.27716,1803.3666,618.42584,339,-0.07727051,0.14868164
1877.061,649.7378,1877.345,650.46045,339,0.28393555,0.72265625
1745.1892,1041.1405,1745.5847,1040.8235,339,0.3955078,-0.3170166
1657.2351,1042.5685,1656.8363,1043.367,339,-0.3988037,0.7984619
1662.828,977.8989,1662.1304,978.32776,339,-0.69763184,0.428833
1751.3784,975.99194,1752.4714,976.7197,339,1.0930176,0.7277832
1886.9115,999.96423,1887.4832,1000.59357,339,0.5716553,0.6293335
1813.634,990.2751,1814.0504,990.9041,339,0.41638184,0.6290283
1818.5693,903.8654,1818.8722,903.95026,339,0.30285645,0.08483887
1892.578,912.2755,1893.4825,913.4575,339,0.904541,1.1820068
2144.5566,521.8342,2144.8372,522.0202,339,0.28051758,0.18597412
2085.5,538.0,2085.4963,538.7608,339,-0.0036621094,0.7608032
2078.6997,467.34982,2077.7593,467.31866,339,-0.9404297,-0.031158447
2137.6208,448.87048,2138.2668,449.9472,339,0.6459961,1.0767212
1667.732,1084.5706,1668.1196,1084.6895,339,0.38757324,0.118896484
1653.7483,1117.8647,1653.9801,1118.1975,339,0.23181152,0.33276367
1628.9045,1084.9824,1627.8771,1084.6217,339,-1.0274658,-0.36071777
1642.1608,1051.0048,1642.5416,1050.7837,339,0.38085938,-0.22106934
2721.4666,1752.4613,2721.911,1753.0214,339,0.44433594,0.5600586
2658.437,1740.1864,2658.1472,1741.0924,339,-0.28979492,0.90600586
2668.8423,1699.8284,2668.7778,1700.001,339,-0.064453125,0.17260742
2731.4463,1710.961,2732.0193,1711.5503,339,0.57299805,0.5892334
2029.6559,1460.9221,2029.3778,1461.5304,339,-0.27807617,0.60827637
1979.0536,1430.4087,1978.7307,1430.8674,339,-0.32287598,0.45874023
1999.1731,1366.2864,1999.2257,1367.2756,339,0.052612305,0.9892578
2050.6853,1396.7058,2050.4934,1397.613,339,-0.19189453,0.90722656
1725.5692,1438.3138,1726.2528,1439.0098,339,0.68359375,0.69592285
1691.341,1468.5,1692.119,1469.2827,339,0.7780762,0.78271484
1680.3608,1436.5549,1679.7666,1436.6744,339,-0.5942383,0.119506836
1714.2388,1405.6965,1714.383,1406.4733,339,0.14428711,0.7767334
2223.3333,1046.821,2224.62,1046.274,339,1.2868652,-0.5469971
2193.046,1089.3081,2193.5835,1089.5981,339,0.53759766,0.29003906
2189.2756,1009.86444,2189.2717,1009.2292,339,-0.00390625,-0.6352539
2219.793,965.78674,2220.6436,966.54584,339,0.85058594,0.75909424
2484.0488,1893.1698,2484.095,1894.2053,339,0.046142578,1.0355225
2487.2788,1788.5352,2487.2578,1789.3872,339,-0.020996094,0.8520508
2531.711,1806.8146,2532.2502,1807.7843,339,0.53930664,0.96972656
2529.5232,1915.1066,2528.5557,1915.6908,339,-0.9675293,0.5842285
2341.9749,1308.0859,2342.118,1308.873,339,0.1430664,0.7871094
2263.484,1229.6846,2264.5005,1230.135,339,1.0166016,0.45043945
2320.9326,1155.2308,2321.083,1156.1665,339,0.15039062,0.93566895
2401.9624,1236.0789,2401.5435,1237.1605,339,-0.4189453,1.081665
2793.633,1842.1862,2793.497,1842.829,339,-0.13598633,0.64282227
2727.3567,1847.3787,2727.5947,1848.4211,339,0.23803711,1.0424805
2716.67,1777.9204,2715.7825,1778.133,339,-0.8874512,0.21264648
2780.5127,1771.3875,2780.9204,1772.2817,339,0.40771484,0.8942871
1468.4531,2421.1917,1468.9641,2421.4587,339,0.5109863,0.26708984
1418.9154,2423.2283,1419.2551,2423.8977,339,0.33972168,0.6694336
1416.5502,2360.6807,1416.1555,2360.8672,339,-0.39465332,0.18652344
1465.1655,2357.1611,1465.5315,2358.4543,339,0.3659668,1.2932129
1749.5677,1497.2887,1750.3696,1497.3015,339,0.8018799,0.012817383
1689.2113,1507.1476,1689.5381,1507.5028,339,0.32678223,0.3552246
1681.337,1426.273,1681.235,1426.5919,339,-0.10205078,0.31896973
1741.5,1415.038,1742.222,1416.0487,339,0.7220459,1.0107422
2389.628,1428.1589,2389.363,1428.3463,339,-0.26489258,0.18737793
2329.9023,1450.8273,2330.4348,1451.2759,339,0.5324707,0.4486084
2304.1367,1397.3547,2304.488,1397.7164,339,0.35131836,0.36169434
2361.573,1374.6229,2362.2278,1375.7634,339,0.65478516,1.1405029
2164.4075,2107.9546,2164.067,2107.9001,339,-0.34057617,-0.05444336
2093.1968,2125.3833,2093.1172,2125.4146,339,-0.079589844,0.03125
2080.1826,2050.8567,2079.5708,2050.5527,339,-0.6118164,-0.30395508
2148.2532,2032.1309,2148.979,2032.549,339,0.7258301,0.41809082
1505.3372,1426.1531,1505.4982,1426.6289,339,0.16101074,0.47583008
1448.9556,1437.4586,1449.05,1437.9802,339,0.09448242,0.52160645
1439.6321,1365.0731,1439.1942,1365.372,339,-0.4378662,0.29882812
1495.4525,1352.7455,1496.0674,1353.7799,339,0.61486816,1.0344238
1830.1969,1725.1598,1830.7878,1725.7941,339,0.5909424,0.63427734
1745.6683,1731.5238,1745.8365,1732.7037,339,0.16821289,1.1799316
1736.0941,1669.9736,1736.1113,1670.0977,339,0.017211914,0.12402344
1819.4762,1661.7029,1820.6075,1663.0289,339,1.1313477,1.3260498
2257.2505,1730.7192,2257.699,1731.4402,339,0.44848633,0.72094727
2243.8513,1637.8223,2244.0635,1638.3517,339,0.2121582,0.52941895
2297.9656,1632.8964,2298.7168,1634.0393,339,0.7512207,1.1429443
2312.2883,1729.5491,2312.3726,1730.0281,339,0.084228516,0.4790039
824.7827,1426.7427,825.6831,1427.7075,339,0.9003906,0.96484375
809.4806,1504.315,809.7142,1504.3838,339,0.23358154,0.068847656
706.9647,1475.2568,707.7832,1475.5417,339,0.81848145,0.2849121
724.55493,1396.7142,725.86237,1397.4735,339,1.3074341,0.75927734
1579.6666,863.6331,1579.6729,863.653,339,0.006225586,0.019897461
1498.3011,916.26306,1498.9744,916.458,339,0.6732178,0.19494629
1476.8376,812.4026,1476.3185,813.77356,339,-0.51916504,1.3709717
1558.9938,758.1044,1559.5669,760.13367,339,0.5731201,2.0292969
2103.9758,949.00604,2103.7554,949.3526,339,-0.22045898,0.34655762
2053.409,922.69244,2053.023,923.2805,339,-0.38598633,0.58807373
2072.3828,855.9568,2072.2314,856.88824,339,-0.15136719,0.9314575
2123.8586,881.8372,2123.8342,882.97296,339,-0.024414062,1.1357422
2047.8164,1977.7985,2047.191,1977.8278,339,-0.6253662,0.029296875
1979.7567,1971.3918,1980.1986,1972.2687,339,0.44189453,0.87683105
1987.2675,1927.217,1987.6094,1926.9221,339,0.34191895,-0.29492188
2053.088,1930.732,2053.157,1931.5803,339,0.0690918,0.8482666
1380.4467,976.9711,1381.2113,977.1002,339,0.76464844,0.12908936
1336.8639,982.5,1337.2251,982.85736,339,0.36120605,0.35736084
1332.6272,921.8794,1332.8773,922.1383,339,0.25012207,0.25891113
1376.2977,915.63336,1377.0277,916.7711,339,0.72998047,1.1377563
1792.8105,816.5,1793.4153,817.0046,339,0.6047363,0.50457764
1700.5194,815.71783,1700.0944,816.9904,339,-0.42504883,1.272583
1704.1337,742.13934,1704.3054,742.93286,339,0.17175293,0.79351807
1798.0581,742.1182,1798.7183,743.2627,339,0.66015625,1.1444702
1947.8658,895.0305,1948.0587,895.63745,339,0.1928711,0.6069336
1852.7274,869.36664,1852.8124,869.9094,339,0.08496094,0.54278564
1886.6208,780.9125,1886.8035,781.7514,339,0.18261719,0.8389282
1984.8323,808.18585,1985.2488,809.2523,339,0.4165039,1.0664673
1368.0022,2429.8813,1368.6235,2430.4954,339,0.6213379,0.6140137
1432.1033,2417.1902,1432.4539,2418.354,339,0.35058594,1.1638184
1439.3154,2504.2195,1439.7662,2504.2756,339,0.45080566,0.056152344
1374.7745,2516.2039,1375.5021,2516.3848,339,0.72753906,0.1809082
1763.5848,816.2392,1764.1334,817.29755,339,0.548584,1.0583496
1682.8411,813.5527,1682.5443,814.5157,339,-0.29675293,0.9630127
1693.6119,709.05115,1694.0455,709.82,339,0.43359375,0.76885986
1776.7732,711.37964,1777.5879,712.6073,339,0.81469727,1.2276611
1616.5107,1366.7096,1617.057,1367.1074,339,0.54626465,0.39782715
1565.0,1364.0,1565.2769,1364.7297,339,0.27685547,0.7297363
1564.2682,1302.8213,1563.8451,1302.7649,339,-0.4230957,-0.056396484
1615.8241,1304.3865,1616.8776,1305.4093,339,1.0534668,1.0228271
1870.0652,1063.3859,1870.1262,1063.677,339,0.061035156,0.2911377
1784.7015,1042.5752,1785.2723,1043.0955,339,0.5708008,0.5202637
1796.2972,938.6847,1796.7168,939.46045,339,0.41955566,0.77575684
1882.8187,958.59375,1883.6626,959.7202,339,0.8438721,1.1264648
2425.5898,1741.562,2426.287,1742.1376,339,0.6972656,0.5755615
2372.5818,1755.3394,2373.2449,1756.1241,339,0.66308594,0.78479004
2401.9465,1709.621,2402.2427,1708.9358,339,0.29614258,-0.68518066
2454.7825,1694.8344,2455.0442,1695.5385,339,0.26171875,0.70410156
1693.2194,2268.228,1692.8893,2269.4539,339,-0.33007812,1.2258301
1753.166,2232.9414,1754.0209,2233.4297,339,0.8548584,0.48828125
1781.8917,2318.7903,1782.2252,2318.7327,339,0.3334961,-0.057617188
1720.1613,2355.545,1720.9263,2355.9539,339,0.76501465,0.40893555
2556.2158,1283.0032,2555.7178,1284.3438,339,-0.49804688,1.3405762
2468.1538,1313.4631,2468.0037,1314.7996,339,-0.15014648,1.3364258
2468.0173,1254.5853,2468.0125,1255.1294,339,-0.0048828125,0.5440674
2556.1292,1222.6003,2556.946,1224.5835,339,0.81689453,1.9831543
907.85345,659.0165,908.0426,659.1891,339,0.18914795,0.17260742
878.8148,707.1618,879.13153,707.9487,339,0.31671143,0.78692627
834.50446,672.6,834.93243,672.77185,339,0.42797852,0.171875
863.7075,623.8344,864.0975,624.29675,339,0.3899536,0.4623413
1850.594,801.6816,1851.0376,802.3991,339,0.44360352,0.7175293
1775.4493,784.37555,1775.6798,785.4175,339,0.23046875,1.0419312
1791.2281,733.0357,1791.3372,733.53,339,0.10900879,0.49432373
1868.463,749.95496,1868.9545,751.1656,339,0.49145508,1.2106323
1696.5052,923.6823,1696.796,924.2421,339,0.29077148,0.55981445
1608.9778,915.6426,1608.8757,916.16235,339,-0.10205078,0.5197754
1619.6039,845.06274,1619.4926,845.80194,339,-0.111328125,0.7391968
1707.3655,852.8646,1708.0886,854.08057,339,0.72314453,1.2159424
1956.4512,1852.9796,1956.3638,1853.7189,339,-0.087402344,0.7392578
1972.4692,1787.8365,1972.3524,1788.9104,339,-0.11682129,1.0738525
2018.7881,1810.2816,2019.02,1811.0511,339,0.2319336,0.76953125
2003.0518,1875.977,2002.6971,1876.7429,339,-0.35461426,0.76586914
1936.9824,1130.8557,1937.5554,1131.452,339,0.57299805,0.5963135
1904.3804,1172.2333,1904.8396,1172.8914,339,0.45922852,0.65808105
1887.4286,1105.6825,1886.5118,1105.3962,339,-0.91674805,-0.28625488
1919.5648,1064.4451,1919.6967,1064.6705,339,0.13183594,0.22546387
1842.4072,1129.6083,1843.1816,1130.6531,339,0.77441406,1.0447998
1775.8835,1129.9518,1776.3002,1131.1461,339,0.41662598,1.1943359
1774.9796,1051.1129,1775.1113,1051.2622,339,0.13171387,0.14929199
1841.5,1048.9565,1842.3591,1050.3662,339,0.85913086,1.409668
1454.7231,973.53217,1454.7238,972.9923,339,0.00061035156,-0.53985596
1399.2762,983.81964,1399.5961,984.0972,339,0.31982422,0.2775879
1391.68,906.0311,1391.3414,907.11804,339,-0.33862305,1.0869141
1446.8403,894.9219,1447.1841,896.92596,339,0.34375,2.0040894
1454.8143,1002.40717,1454.4708,1001.93665,339,-0.34350586,-0.47052002
1389.6874,999.06665,1390.439,999.47455,339,0.7515869,0.40789795
1394.3599,950.7812,1394.824,950.88934,339,0.46411133,0.1081543
1459.0786,952.3715,1459.938,953.46674,339,0.859375,1.0952148
2322.6199,1299.009,2324.4216,1299.2247,339,1.8017578,0.21569824
2280.8594,1317.4531,2281.432,1318.8511,339,0.57250977,1.3979492
2297.2434,1251.1498,2296.7952,1251.3276,339,-0.4482422,0.17785645
2338.727,1232.45,2339.771,1232.4767,339,1.0439453,0.026733398
1629.2087,2152.021,1628.941,2152.3162,339,-0.2677002,0.29516602
1552.3564,2138.264,1551.9777,2139.1973,339,-0.37878418,0.9333496
1561.1896,2033.493,1561.453,2034.0924,339,0.26342773,0.59936523
1637.1797,2046.6278,1637.9445,2046.9689,339,0.7647705,0.34106445
1859.3127,971.1502,1859.4984,971.3728,339,0.18566895,0.22259521
1786.4657,930.6927,1786.7771,931.0765,339,0.31140137,0.38378906
1809.1407,861.88525,1809.374,862.9064,339,0.23327637,1.0211182
1883.6874,903.4011,1883.9365,904.53815,339,0.24914551,1.1370239
1737.3435,2027.1951,1737.7513,2027.2706,339,0.4078369,0.07556152
1674.6707,2012.2798,1674.6422,2013.079,339,-0.028442383,0.79919434
1684.4517,1927.5936,1684.6693,1927.8184,339,0.21765137,0.22473145
1747.3937,1941.154,1747.7427,1941.8893,339,0.34899902,0.7352295
1857.7412,2390.524,1858.2368,2390.9905,339,0.49560547,0.46655273
1907.5194,2359.638,1908.2993,2361.02,339,0.7799072,1.3820801
1934.552,2432.4585,1934.791,2432.6877,339,0.23901367,0.22924805
1883.686,2464.7312,1884.6533,2464.45,339,0.96728516,-0.28125
1613.291,1039.8536,1612.9459,1040.0637,339,-0.34509277,0.21008301
1560.9451,1034.5895,1561.0406,1034.699,339,0.095581055,0.10949707
1565.1022,965.80347,1565.1833,966.09326,339,0.08117676,0.28979492
1617.4413,970.3661,1617.577,971.53766,339,0.13574219,1.1715698
1932.5488,1138.3654,1932.1898,1138.9666,339,-0.3590088,0.6011963
1861.7495,1094.0397,1861.8419,1094.4309,339,0.09240723,0.39123535
1895.0083,1016.9586,1895.1636,1017.241,339,0.15527344,0.28240967
1967.8677,1062.5619,1967.2178,1062.9501,339,-0.64990234,0.3881836
2221.9739,1445.6183,2222.262,1446.1003,339,0.28808594,0.48205566
2216.447,1395.7941,2216.6326,1395.7239,339,0.18554688,-0.07019043
2284.843,1391.6648,2285.6506,1392.5643,339,0.8076172,0.89953613
2291.739,1442.7866,2291.3748,1443.1671,339,-0.3642578,0.38049316
2407.9038,1523.3517,2407.8047,1523.2102,339,-0.099121094,-0.14147949
2343.0657,1546.3107,2344.0032,1546.475,339,0.9375,0.16430664
2341.7537,1497.6306,2341.7595,1497.264,339,0.005859375,-0.36657715
2405.7927,1473.8077,2406.4033,1474.3997,339,0.6105957,0.59191895
1665.6393,1108.5491,1665.7731,1108.6927,339,0.13378906,0.14367676
1610.1917,1068.7971,1609.947,1069.4742,339,-0.2446289,0.677124
1637.3489,997.5828,1637.3809,998.62396,339,0.031982422,1.0411377
1694.0189,1037.7437,1693.6406,1038.7821,339,-0.3782959,1.0384521
1590.406,913.6481,1590.3984,914.43427,339,-0.0075683594,0.78619385
1526.0758,937.4331,1526.3114,938.4413,339,0.2355957,1.0081787
1497.9755,896.03766,1497.059,896.27563,339,-0.9165039,0.23797607
1562.2394,870.3732,1562.5149,871.9073,339,0.2755127,1.5340576
2225.2554,1830.9734,2225.4885,1831.8401,339,0.2331543,0.8666992
2170.774,1829.1578,2170.9429,1830.0721,339,0.16894531,0.91430664
2166.8362,1769.7156,2166.6167,1769.6965,339,-0.21948242,-0.019042969
2220.1729,1769.8895,2220.591,1771.0078,339,0.4182129,1.1182861
1844.4382,1412.7389,1845.5133,1413.0435,339,1.0750732,0.30456543
1799.0846,1435.6,1799.7761,1436.1018,339,0.6915283,0.50183105
1793.7267,1401.7933,1793.5731,1402.2024,339,-0.15356445,0.40905762
1839.0803,1378.5255,1839.724,1378.8894,339,0.64367676,0.3638916
2008.572,2049.428,2008.297,2049.1785,339,-0.2750244,-0.24951172
1944.5593,2050.2393,1945.3452,2050.5964,339,0.7858887,0.35717773
1954.2216,1991.6367,1954.2706,1990.9467,339,0.049072266,-0.6900635
2016.0522,1988.0054,2016.3933,1988.734,339,0.34106445,0.7286377
1849.234,1071.4362,1849.2236,1071.5466,339,-0.010375977,0.11047363
1763.8671,1053.8671,1764.2598,1054.1077,339,0.3927002,0.24060059
1781.5067,941.23553,1782.4454,941.76935,339,0.9387207,0.5338135
1867.9097,957.93976,1868.7852,959.3955,339,0.8754883,1.4557495
1731.5157,2309.614,1731.2668,2310.9697,339,-0.24890137,1.3557129
1804.8663,2235.6707,1805.5271,2236.8984,339,0.6607666,1.2277832
1857.7205,2303.5269,1857.6089,2303.6829,339,-0.111572266,0.15600586
1781.3201,2380.6306,1781.1813,2380.6091,339,-0.13879395,-0.021484375
1670.8228,1176.9386,1670.8756,1177.493,339,0.052856445,0.55444336
1623.0421,1162.7632,1622.8029,1163.3099,339,-0.23925781,0.5467529
1630.3916,1111.6394,1630.402,1111.799,339,0.010375977,0.1595459
1679.0609,1125.7598,1679.246,1126.4543,339,0.1850586,0.6945801
1870.9751,1032.6791,1871.3815,1032.9126,339,0.40637207,0.23352051
1821.8308,1002.3184,1822.2783,1002.6626,339,0.44750977,0.34417725
1836.9651,961.0959,1837.3613,961.5458,339,0.39624023,0.44989014
1886.7649,992.1484,1887.4468,992.62524,339,0.68188477,0.47686768
2248.6646,1843.625,2248.7664,1844.4888,339,0.10180664,0.86376953
2244.899,1741.1143,2244.8281,1741.4734,339,-0.07080078,0.35913086
2294.757,1750.8374,2295.0144,1751.6165,339,0.25732422,0.77905273
2298.7378,1856.5865,2298.569,1857.4011,339,-0.16870117,0.8145752
2884.645,1405.8392,2885.1926,1406.3499,339,0.5476074,0.5106201
2792.3884,1402.9558,2792.0,1403.7023,339,-0.38842773,0.74645996
2791.9382,1341.037,2792.0,1341.1594,339,0.061767578,0.12243652
2883.5125,1341.7375,2883.703,1343.2561,339,0.19042969,1.5185547
1065.1716,1128.1357,1065.2612,1128.69,339,0.08959961,0.5541992
1047.2385,1195.6781,1047.1235,1195.9058,339,-0.114990234,0.22766113
973.4023,1164.7126,973.3905,1165.3168,339,-0.011779785,0.604126
991.8883,1095.3733,992.4963,1096.5822,339,0.6079712,1.2088623
1685.3623,931.837,1686.0613,932.0994,339,0.6989746,0.26245117
1627.8148,958.9547,1628.4229,960.06055,339,0.6080322,1.105835
1618.1685,892.193,1617.8326,892.64526,339,-0.33581543,0.4522705
1675.8405,863.3174,1676.5205,864.6463,339,0.6800537,1.3289185
2252.0889,1845.1555,2253.02,1846.3121,339,0.93115234,1.1566162
2253.149,1769.9087,2252.9912,1771.0,339,-0.15771484,1.0913086
2283.956,1769.3772,2284.0066,1771.0,339,0.05053711,1.6228027
2283.1606,1847.4667,2283.9622,1848.4086,339,0.8015137,0.94189453
2229.493,2311.4607,2229.5579,2312.0696,339,0.064941406,0.6088867
2175.8352,2306.7876,2175.6118,2307.8423,339,-0.22338867,1.0546875
2173.8408,2242.4346,2173.4207,2242.415,339,-0.42016602,-0.01953125
2226.1428,2245.3352,2226.8804,2246.384,339,0.7375488,1.0488281
2049.95,1190.354,2049.1436,1190.9283,339,-0.8063965,0.5743408
2000.6864,1159.0256,2000.492,1159.1765,339,-0.19445801,0.1508789
2025.1329,1096.076,2024.9514,1096.6525,339,-0.18151855,0.576416
2074.552,1127.7812,2074.2043,1128.6216,339,-0.34765625,0.84033203
1392.3624,976.97095,1393.4895,977.1594,339,1.1270752,0.18847656
1420.548,1023.03424,1421.4578,1023.5676,339,0.90979004,0.53338623
1369.0403,1017.4947,1369.2377,1017.64636,339,0.1973877,0.15167236
1340.296,969.7018,1341.1753,970.7002,339,0.87927246,0.9984131
1161.7626,2187.8484,1161.8219,2188.4958,339,0.059326172,0.64746094
1244.4535,2195.3315,1245.2904,2196.3494,339,0.83691406,1.0178223
1249.1926,2250.3347,1249.5656,2250.798,339,0.3729248,0.4633789
1163.9749,2243.551,1163.3961,2243.515,339,-0.57873535,-0.036132812
1334.5712,1975.8237,1335.2919,1976.5343,339,0.7207031,0.7105713
1326.3772,1909.6807,1326.4547,1910.2905,339,0.07751465,0.6098633
1414.1532,1905.6757,1414.491,1906.7299,339,0.33776855,1.0541992
1424.3805,1972.5543,1424.3339,1972.6697,339,-0.04663086,0.115356445
1847.2286,1123.2286,1847.4319,1122.5609,339,0.20324707,-0.6677246
1779.5673,1191.3173,1780.4342,1191.2576,339,0.86694336,-0.059692383
1728.9106,1100.0941,1729.3826,1101.2803,339,0.47192383,1.1861572
1794.746,1031.4698,1796.356,1031.8511,339,1.6099854,0.3812256
1464.9625,1117.3354,1464.497,1117.9432,339,-0.46557617,0.6077881
1409.672,1197.862,1410.3792,1198.1737,339,0.7071533,0.3116455
1348.2869,1119.732,1349.4454,1119.5879,339,1.1585693,-0.14416504
1403.8253,1038.1699,1403.9686,1039.4176,339,0.14331055,1.2476807
1821.0756,1139.6741,1821.9211,1140.0126,339,0.84558105,0.33850098
1749.981,1137.8739,1750.3368,1139.9004,339,0.35583496,2.0264893
1750.0311,1094.8204,1749.8511,1095.0,339,-0.18005371,0.17956543
1821.6458,1093.8553,1822.033,1095.0,339,0.38720703,1.1446533
785.91113,1277.5488,787.103,1279.0239,339,1.1918945,1.4750977
785.18005,1360.4563,785.6404,1361.0438,339,0.46032715,0.5875244
679.4954,1344.6998,679.95245,1346.2024,339,0.45703125,1.5025635
681.83246,1261.3986,682.5788,1262.1205,339,0.7463379,0.7219238
2157.617,1150.738,2157.4312,1151.2107,339,-0.18579102,0.47265625
2061.835,1086.1227,2062.185,1086.7468,339,0.35009766,0.6241455
2107.2485,974.0442,2107.0725,975.1637,339,-0.17602539,1.1195068
2205.4536,1039.3318,2205.465,1040.9269,339,0.011474609,1.5950928
1811.2477,1455.5555,1811.783,1456.0475,339,0.5352783,0.49194336
1767.9415,1426.3636,1768.2325,1426.7509,339,0.29101562,0.38720703
1794.9462,1377.3718,1795.5577,1378.1896,339,0.61157227,0.817749
1839.1097,1407.2012,1839.4536,1407.7874,339,0.34387207,0.58618164
1762.6161,711.16113,1763.496,711.7465,339,0.8798828,0.5853882
1689.4105,689.8386,1689.315,691.18097,339,-0.095581055,1.3423462
1705.0906,646.63196,1704.6776,646.6163,339,-0.41296387,-0.015686035
1780.2902,666.97064,1781.2777,668.1232,339,0.9875488,1.1525879
1874.1235,975.7157,1874.0912,975.98474,339,-0.032348633,0.26904297
1812.3118,949.0817,1812.8594,949.8244,339,0.5476074,0.7426758
1838.07,883.4074,1838.3602,884.7854,339,0.2902832,1.3779907
1900.6315,910.62524,1900.684,911.9418,339,0.052490234,1.3165283
2132.0159,974.9947,2131.955,976.2807,339,-0.060791016,1.2860107
2086.274,1032.4226,2086.3772,1032.5765,339,0.103271484,0.15393066
2050.5093,972.1537,2049.6516,972.25336,339,-0.857666,0.09967041
2096.882,914.1952,2096.8933,915.44293,339,0.011230469,1.2477417
2002.9495,2045.8071,2002.97,2045.9524,339,0.020507812,0.14526367
1935.1953,2041.1763,1935.8818,2041.8007,339,0.68652344,0.62438965
1944.116,1987.412,1944.4899,1987.0605,339,0.37390137,-0.35144043
2009.875,1989.775,2009.977,1990.8528,339,0.10205078,1.0777588
1696.2766,528.0055,1696.9587,528.556,339,0.6821289,0.5505371
1641.029,525.68994,1641.0,526.0881,339,-0.029052734,0.39813232
1640.7219,456.7546,1641.0,456.87323,339,0.27807617,0.118621826
1696.3462,457.40475,1697.0193,458.31247,339,0.6730957,0.90771484
2004.5483,1088.5197,2004.6698,1088.8997,339,0.12145996,0.38000488
1983.7261,1133.075,1983.1342,1135.3062,339,-0.59191895,2.2312012
1971.9762,1071.6794,1970.7618,1071.3422,339,-1.2143555,-0.33728027
1992.094,1026.5212,1992.4634,1025.6873,339,0.36938477,-0.8339844
1621.2664,2134.8884,1620.697,2134.9219,339,-0.56933594,0.033447266
1707.3495,2088.4993,1707.6403,2088.9526,339,0.29077148,0.45336914
1732.3735,2178.8994,1732.3068,2178.4968,339,-0.06677246,-0.4025879
1642.4489,2225.2227,1642.777,2225.6973,339,0.328125,0.47460938
2805.303,1608.6204,2804.847,1608.9819,339,-0.4560547,0.36157227
2724.2334,1632.5652,2723.7634,1632.7545,339,-0.4699707,0.18933105
2684.7593,1558.1138,2684.4556,1558.3235,339,-0.30371094,0.2097168
2762.7395,1534.7086,2763.5066,1535.1548,339,0.76708984,0.446167
1794.1221,963.1473,1794.8586,963.0437,339,0.73657227,-0.10357666
1716.1915,962.5115,1716.003,962.978,339,-0.18847656,0.46655273
1716.2767,861.3778,1716.9893,862.0562,339,0.7125244,0.67840576
1795.1868,860.6024,1796.5931,861.9991,339,1.4063721,1.3966675
2191.2312,1360.25,2191.135,1361.2922,339,-0.096191406,1.0422363
2147.7126,1393.9376,2147.9321,1394.691,339,0.21948242,0.75341797
2154.4893,1355.7239,2153.955,1355.8116,339,-0.5341797,0.087768555
2197.3645,1322.017,2197.891,1322.14,339,0.5266113,0.123046875
1312.9286,494.75992,1313.4341,495.0145,339,0.50549316,0.25457764
1257.4436,483.0077,1257.8287,483.67685,339,0.38513184,0.66915894
1261.0573,414.1499,1261.3073,414.5188,339,0.25,0.36889648
1316.4686,425.07474,1317.3385,426.49374,339,0.86987305,1.4190063
1736.762,1226.3662,1737.2567,1226.857,339,0.49475098,0.49084473
1730.4299,1269.6548,1730.9266,1271.0876,339,0.4967041,1.4328613
1700.0892,1248.67,1699.4585,1249.3741,339,-0.6307373,0.70410156
1705.8086,1204.5165,1706.157,1204.5585,339,0.34838867,0.041992188
1499.6793,1957.8798,1500.1667,1958.7479,339,0.48742676,0.86816406
1488.8688,1893.8313,1488.5726,1894.041,339,-0.29614258,0.2097168
1568.6609,1896.0349,1569.0713,1897.1064,339,0.4104004,1.0715332
1582.1238,1960.9274,1581.946,1960.9691,339,-0.17773438,0.041748047
1928.0299,1801.0945,1928.2306,1801.6016,339,0.2006836,0.5070801
1890.0956,1795.3689,1890.0656,1796.2487,339,-0.030029297,0.87976074
1890.7285,1757.3387,1891.3196,1757.728,339,0.59106445,0.38928223
1927.803,1762.5961,1928.7227,1763.1077,339,0.91967773,0.5115967
950.34143,2385.1938,950.2669,2385.7598,339,-0.074523926,0.56591797
900.2265,2364.3503,900.0893,2364.8464,339,-0.13720703,0.49609375
918.74884,2304.0493,918.8908,2304.4976,339,0.14196777,0.4482422
967.9314,2324.5745,968.17535,2325.023,339,0.24395752,0.44848633
2032.8274,1382.0824,2033.1262,1382.8391,339,0.29882812,0.75671387
1967.2784,1372.9,1967.2827,1373.6194,339,0.004272461,0.71936035
1966.2257,1279.0518,1965.8865,1279.8562,339,-0.3392334,0.80444336
2031.7236,1285.422,2031.7466,1287.22,339,0.022949219,1.7979736
1759.1173,1605.3182,1759.2532,1605.4287,339,0.13586426,0.11047363
1669.0261,1593.1396,1669.6449,1593.4225,339,0.6187744,0.2828369
1686.4979,1525.0125,1686.5363,1525.1212,339,0.038330078,0.10876465
1775.6105,1536.5996,1776.1271,1537.3064,339,0.51660156,0.7067871
1625.2565,890.15173,1625.4584,890.94916,339,0.2019043,0.7974243
1570.9785,889.6491,1570.7792,891.00946,339,-0.19934082,1.3603516
1575.5402,821.6104,1575.2832,822.2616,339,-0.256958,0.6511841
1630.4691,821.79425,1630.8644,823.2876,339,0.39526367,1.4933472
2118.1018,900.8549,2119.068,901.4449,339,0.9663086,0.5899658
2088.0334,943.6689,2087.9373,944.9889,339,-0.096191406,1.3200073
2083.5452,863.2765,2082.9514,863.7819,339,-0.59375,0.5054321
2114.1992,820.4519,2114.5752,821.0528,339,0.37597656,0.6008911
1856.4412,1391.9764,1856.6284,1392.1644,339,0.18725586,0.18798828
1775.7413,1398.0344,1776.2787,1398.4005,339,0.5373535,0.36608887
1771.6147,1289.8263,1772.7756,1290.6957,339,1.1608887,0.86938477
1852.8638,1282.5269,1853.6547,1284.0272,339,0.79089355,1.5003662
1881.5975,664.96545,1882.2217,665.4883,339,0.6241455,0.52282715
1794.2551,640.9013,1794.3673,641.72485,339,0.11218262,0.82354736
1825.2605,577.4991,1825.1715,577.92773,339,-0.08898926,0.4286499
1915.8484,602.565,1916.1157,603.4722,339,0.26733398,0.90722656
1832.2466,1223.7322,1832.7363,1224.1395,339,0.4897461,0.40734863
1763.3536,1191.1455,1763.7344,1191.9188,339,0.3807373,0.7733154
1791.1128,1102.2753,1791.6014,1103.673,339,0.48864746,1.3977051
1861.0638,1135.5656,1861.3867,1136.84,339,0.32287598,1.2744141
976.0417,1120.0995,976.06177,1120.117,339,0.020080566,0.017456055
965.76276,1221.8794,965.5335,1222.36,339,-0.22924805,0.48059082
935.56964,1202.0088,935.0774,1202.8229,339,-0.49224854,0.8140869
946.3764,1096.5963,946.36053,1097.3678,339,-0.01586914,0.7714844
1715.3251,1182.0297,1715.5374,1182.6398,339,0.21228027,0.6101074
1658.7426,1189.7108,1658.804,1190.5795,339,0.061401367,0.86865234
1653.2361,1114.8385,1652.8472,1114.6935,339,-0.38891602,-0.14501953
1709.6904,1105.8746,1709.8674,1106.4899,339,0.17700195,0.6152344
2045.7333,1503.5261,2046.3405,1503.7316,339,0.60717773,0.20544434
1984.5203,1494.3987,1984.3551,1494.7495,339,-0.16516113,0.35083008
1983.6423,1419.809,1983.0038,1419.5317,339,-0.6385498,-0.27722168
2044.9524,1426.7142,2044.9697,1427.5391,339,0.017333984,0.8248291
1626.9852,1819.0555,1626.4507,1819.5956,339,-0.5345459,0.54003906
1537.3353,1804.7677,1537.3699,1805.5039,339,0.0345459,0.73620605
1558.077,1736.8423,1558.105,1737.4984,339,0.027954102,0.6561279
1646.6611,1750.596,1647.3954,1751.7527,339,0.7342529,1.1567383
1836.2982,2172.0579,1836.5431,2172.0815,339,0.24487305,0.02368164
1754.7672,2174.5093,1755.4731,2175.446,339,0.7059326,0.9367676
1750.904,2067.6836,1750.9856,2068.2622,339,0.08154297,0.5786133
1829.8765,2063.7207,1830.8545,2064.9343,339,0.97802734,1.213623
2429.429,1207.3638,2430.1323,1207.9088,339,0.70336914,0.54504395
2345.097,1244.9171,2345.6113,1246.1564,339,0.5144043,1.2392578
2336.1562,1180.0723,2336.1855,1180.2552,339,0.029296875,0.1829834
2422.3333,1140.9773,2422.5742,1141.6792,339,0.2409668,0.7019043
2171.8777,1282.7495,2171.9116,1283.4855,339,0.033935547,0.7359619
2129.8564,1238.9503,2128.9194,1240.1312,339,-0.9370117,1.1809082
2159.9468,1184.984,2160.2087,1185.7933,339,0.2619629,0.8093262
2203.823,1228.6366,2204.0635,1229.4869,339,0.24047852,0.8503418
384.39474,1591.5157,384.23053,1591.7649,339,-0.16421509,0.24914551
465.92166,1561.0316,466.3936,1561.2302,339,0.47192383,0.1986084
493.03262,1656.3914,492.40143,1656.7462,339,-0.63119507,0.3548584
411.6927,1687.3967,411.50317,1687.5735,339,-0.18951416,0.17675781
1463.0715,1084.2495,1463.2958,1084.0776,339,0.22424316,-0.171875
1395.6234,1089.6688,1396.2032,1090.1809,339,0.579834,0.51208496
1392.9669,1040.6005,1393.0674,1040.1394,339,0.10046387,-0.46105957
1460.4431,1032.561,1460.9814,1033.7589,339,0.5383301,1.197876
1752.0547,1170.482,1752.0974,1170.7599,339,0.04272461,0.27783203
1695.5083,1173.6229,1696.1439,1174.1746,339,0.6356201,0.55163574
1692.5659,1136.1046,1692.7352,1135.9996,339,0.16931152,-0.10498047
1749.0366,1131.6342,1749.5424,1132.8147,339,0.5057373,1.180542
2283.8958,1841.3536,2285.011,1842.042,339,1.1152344,0.6883545
2285.0588,1768.356,2284.9944,1768.8347,339,-0.064453125,0.47875977
2319.6753,1768.2043,2320.9172,1769.5654,339,1.2419434,1.361084
2319.8916,1843.1366,2321.0415,1844.3401,339,1.1499023,1.2034912
1733.7087,595.3551,1733.9613,595.76294,339,0.25256348,0.4078369
1661.7075,600.41174,1661.4634,601.88025,339,-0.24414062,1.4685059
1655.6438,545.9982,1655.4103,546.3214,339,-0.23352051,0.32318115
1728.175,538.7733,1728.9852,540.082,339,0.81018066,1.3086548
1600.9933,686.5042,1600.5573,686.83716,339,-0.43603516,0.33294678
1523.5211,715.2115,1523.3403,716.7268,339,-0.18078613,1.5153198
1490.1702,658.10175,1489.3918,659.02545,339,-0.7783203,0.92370605
1567.9636,627.2204,1567.9026,628.69574,339,-0.061035156,1.4753418
1770.0488,2164.6423,1770.1605,2165.186,339,0.111694336,0.5437012
1695.4424,2147.2686,1695.232,2147.9673,339,-0.21032715,0.69873047
1707.42,2045.6888,1707.4291,2045.8025,339,0.009033203,0.11364746
1781.1683,2061.0583,1781.597,2062.0168,339,0.42871094,0.9584961
1907.3623,770.8406,1907.6344,771.664,339,0.27209473,0.8234253
1833.1201,752.6398,1833.4305,754.1905,339,0.3104248,1.5507202
1846.4393,691.22736,1846.3403,692.0087,339,-0.09899902,0.7813721
1922.3857,708.97943,1922.8345,710.33014,339,0.44873047,1.350708
1890.012,1022.1429,1890.6438,1022.67816,339,0.63183594,0.5352783
1821.067,995.80084,1821.0526,996.36426,339,-0.014404297,0.5634155
1837.2324,931.6705,1837.411,932.19867,339,0.17858887,0.52819824
1908.3416,958.2675,1908.6881,959.26904,339,0.34655762,1.0015259
1712.4504,1006.46533,1712.7059,1006.43115,339,0.25549316,-0.034179688
1650.717,1000.69183,1650.8519,1001.1044,339,0.1348877,0.41253662
1657.0862,954.31036,1657.2424,954.7165,339,0.15625,0.40612793
1718.8969,958.5476,1719.8208,959.7146,339,0.9239502,1.1669922
1794.8778,1194.6248,1795.6318,1195.3054,339,0.7540283,0.68066406
1709.154,1191.3284,1708.9835,1192.5543,339,-0.17053223,1.2259521
1710.5192,1139.9418,1710.3167,1139.5724,339,-0.20251465,-0.36938477
1797.7262,1140.8551,1798.385,1142.3027,339,0.6588135,1.4476318
1947.2448,894.00635,1947.3372,894.1956,339,0.09240723,0.18927002
1868.4009,849.41174,1868.6881,850.3549,339,0.28723145,0.94317627
1893.5132,772.1732,1893.7784,773.281,339,0.2652588,1.1077881
1974.6228,817.00397,1974.8455,818.5383,339,0.22265625,1.5343628
2009.6444,2196.0586,2009.8483,2196.2961,339,0.20385742,0.23754883
1966.279,2136.3333,1965.9872,2136.342,339,-0.29187012,0.0087890625
2040.9673,2101.291,2040.439,2102.5247,339,-0.5283203,1.2336426
2084.7896,2161.688,2084.5994,2161.946,339,-0.19018555,0.25805664
1222.2659,1964.6947,1222.5571,1965.2281,339,0.29125977,0.53344727
1158.8787,1954.05,1158.8557,1954.8236,339,-0.022949219,0.7735596
1168.6188,1868.8628,1168.6766,1868.9574,339,0.057861328,0.09460449
1231.4943,1878.751,1232.111,1879.6136,339,0.6166992,0.8626709
1731.3877,2283.8738,1731.8434,2284.089,339,0.45568848,0.21533203
1645.3785,2274.4922,1645.2192,2275.1301,339,-0.15930176,0.63793945
1650.3612,2155.9573,1650.448,2156.4514,339,0.08679199,0.49414062
1735.2925,2164.018,1736.3262,2165.3652,339,1.0336914,1.347168
1117.2705,1313.872,1117.3488,1315.0897,339,0.07824707,1.2177734
1097.4556,1368.6903,1097.3019,1369.1266,339,-0.15368652,0.4362793
1041.9409,1341.7025,1041.6854,1343.321,339,-0.25549316,1.6185303
1061.965,1286.84,1062.5294,1288.4452,339,0.5644531,1.6052246
1451.3708,996.58057,1452.2554,996.57715,339,0.8845215,-0.0034179688
1418.8005,1037.9395,1419.3457,1038.0905,339,0.545166,0.15100098
1400.2258,970.5215,1399.8016,970.73944,339,-0.42419434,0.21795654
1433.1631,928.98083,1433.3718,929.8201,339,0.20874023,0.83929443
1804.1343,526.5324,1804.9233,527.4938,339,0.7890625,0.96136475
1800.8619,563.1465,1800.4817,563.4744,339,-0.38024902,0.3279419
1721.9457,569.5607,1723.0023,569.83875,339,1.0566406,0.27801514
1727.1155,534.0697,1727.4948,534.0636,339,0.37927246,-0.0061035156
2082.627,1098.0891,2082.3826,1098.4272,339,-0.24438477,0.33813477
1999.2852,1043.024,1999.2264,1043.2883,339,-0.05871582,0.26428223
2044.3812,957.27344,2043.8967,958.28455,339,-0.48449707,1.0111084
2129.1309,1015.1057,2129.338,1015.4364,339,0.20703125,0.33068848
2317.1643,2066.0361,2317.511,2065.9304,339,0.3466797,-0.10571289
2270.2744,2057.9792,2272.023,2058.0015,339,1.7485352,0.022216797
2248.2378,2010.4016,2248.7473,2010.361,339,0.5095215,-0.040649414
2292.4473,2017.6162,2293.4392,2018.0684,339,0.99194336,0.45214844
1437.9215,1234.5555,1438.0859,1234.9545,339,0.16442871,0.39892578
1378.8916,1227.4377,1379.3021,1228.2081,339,0.41052246,0.77038574
1381.2185,1158.8286,1381.4086,1159.0753,339,0.19006348,0.2467041
1440.8008,1165.041,1441.2546,1166.0485,339,0.45385742,1.0074463
2427.8042,1140.2241,2427.5603,1140.8446,339,-0.24389648,0.6204834
2356.0852,1187.2719,2356.6536,1188.1791,339,0.5683594,0.90722656
2325.9678,1121.0197,2325.7458,1121.4788,339,-0.22192383,0.45910645
2397.944,1073.1218,2398.1375,1073.9445,339,0.19335938,0.82263184
1653.7874,957.4991,1654.7687,957.85205,339,0.98132324,0.3529663
1640.9238,1003.59845,1641.2347,1003.91986,339,0.3109131,0.32141113
1608.1727,967.89526,1607.5012,968.06476,339,-0.6715088,0.16949463
1621.4086,921.40247,1621.3239,921.85406,339,-0.0847168,0.45159912
1917.924,960.34,1918.3606,961.061,339,0.4366455,0.72094727
1841.3083,914.6916,1841.427,915.3469,339,0.118652344,0.6553345
1873.7625,842.5125,1874.0729,843.64197,339,0.3104248,1.1294556
1953.0309,890.18726,1953.1418,891.20917,339,0.110961914,1.0219116
2289.267,2073.7473,2289.7148,2073.9634,339,0.4477539,0.21606445
2243.4192,2062.2188,2243.6824,2061.7642,339,0.2631836,-0.45458984
2228.4233,2001.6316,2228.0105,2001.0409,339,-0.4128418,-0.59069824
2272.85,2014.3104,2273.344,2013.0846,339,0.49389648,-1.2258301
1782.3464,1401.7172,1783.4119,1402.3954,339,1.0654297,0.67822266
1720.7506,1379.1859,1721.0548,1379.6769,339,0.30419922,0.4909668
1741.1,1346.7604,1741.5425,1347.0248,339,0.44250488,0.2644043
1804.3136,1369.6316,1804.7745,1370.156,339,0.4609375,0.52441406
2133.401,1725.1084,2133.908,1725.9865,339,0.5070801,0.87805176
2131.978,1659.4268,2131.1208,1659.4236,339,-0.85717773,-0.0031738281
2168.1802,1656.8411,2168.0134,1657.8524,339,-0.16674805,1.0113525
2170.8076,1725.3499,2171.2183,1725.9894,339,0.41064453,0.63952637
1254.1975,2647.9436,1254.6547,2648.321,339,0.45715332,0.3774414
1259.1445,2559.03,1259.6791,2559.0205,339,0.5345459,-0.009521484
1366.4484,2558.6057,1367.3428,2558.9893,339,0.8944092,0.38354492
1363.9655,2646.905,1363.6887,2647.7883,339,-0.2767334,0.8833008
1244.3375,1498.7495,1244.217,1499.1135,339,-0.1204834,0.36401367
1221.2084,1541.1382,1221.7429,1541.1425,339,0.5345459,0.004272461
1182.9187,1516.7709,1182.5936,1516.8582,339,-0.32507324,0.08728027
1205.3787,1473.873,1205.792,1474.8354,339,0.41333008,0.96240234
2037.7329,1207.4445,2037.4799,1208.4033,339,-0.25305176,0.9588623
1993.233,1177.8512,1992.8468,1178.3103,339,-0.38623047,0.45910645
2011.5575,1122.533,2011.3556,1122.8025,339,-0.2019043,0.26953125
2056.557,1152.303,2056.6333,1153.1572,339,0.076416016,0.85424805
1738.1582,1672.966,1738.1382,1672.5392,339,-0.020019531,-0.4267578
1668.431,1706.808,1668.9336,1706.8833,339,0.5025635,0.07531738
1641.2384,1630.4552,1641.1335,1631.1351,339,-0.1048584,0.67993164
1708.659,1597.0413,1709.2107,1597.5466,339,0.55163574,0.5053711
1238.8765,1909.2471,1238.8932,1909.7257,339,0.016723633,0.4786377
1286.9597,1907.5201,1287.9229,1908.518,339,0.96313477,0.99780273
1284.6266,1969.5,1285.5764,1969.8314,339,0.9498291,0.3314209
1236.2151,1971.1677,1236.3883,1971.3904,339,0.17321777,0.22265625
1824.0852,2763.4148,1824.6588,2764.1296,339,0.5736084,0.71484375
1807.1163,2673.9783,1807.4484,2674.308,339,0.33203125,0.32983398
1867.601,2654.4038,1868.8158,2654.5063,339,1.2148438,0.10253906
1886.2833,2743.3315,1886.5566,2743.8247,339,0.27331543,0.49316406
1888.1786,974.52185,1888.7592,974.75104,339,0.5805664,0.22918701
1828.5876,970.2692,1828.8969,970.90344,339,0.3092041,0.6342163
1851.3065,900.642,1851.8202,900.658,339,0.5136719,0.015991211
1912.3044,904.58765,1912.646,905.3636,339,0.34155273,0.77593994
1161.6068,3001.8992,1160.4846,3002.4397,339,-1.1221924,0.54052734
1166.4269,2893.8193,1166.2018,2893.6692,339,-0.22509766,-0.15014648
1291.6464,2890.4653,1292.9196,2890.7375,339,1.2731934,0.2722168
1287.7659,2998.3035,1288.7206,2998.4355,339,0.9547119,0.13208008
2032.4895,879.66455,2032.5884,880.29736,339,0.09887695,0.6328125
1972.71,841.23376,1972.5127,842.1608,339,-0.19726562,0.927063
1993.9845,788.7638,1993.4984,789.3855,339,-0.48608398,0.6217041
2055.0813,827.4083,2055.209,828.587,339,0.12768555,1.1786499
1427.2424,540.19885,1426.7739,540.7289,339,-0.46850586,0.5300293
1380.482,589.0942,1380.8505,589.7797,339,0.3684082,0.6855469
1338.6501,527.0608,1338.967,527.6725,339,0.31689453,0.61169434
1384.457,478.04193,1385.1353,479.10416,339,0.67822266,1.0622253
2685.4949,835.7798,2686.0884,836.53217,339,0.59350586,0.7523804
2645.7427,887.2008,2645.8708,887.9405,339,0.12817383,0.73968506
2626.3457,810.2804,2624.7534,811.0849,339,-1.5922852,0.8045044
2665.261,758.4832,2665.4773,759.86456,339,0.2163086,1.3813477
2146.339,1529.6666,2146.3704,1529.7742,339,0.03125,0.107543945
2093.4355,1511.6583,2092.8723,1512.9204,339,-0.5632324,1.262085
2106.5798,1451.9879,2106.4565,1451.9323,339,-0.123291016,-0.055664062
2159.1,1468.079,2159.318,1468.1836,339,0.21801758,0.10461426
2025.0608,916.3669,2025.066,917.07623,339,0.0052490234,0.7093506
1902.9869,914.8566,1903.126,915.34326,339,0.13903809,0.4866333
1913.9259,840.82715,1914.4935,841.7441,339,0.56762695,0.91693115
2039.7216,841.3902,2040.1324,843.269,339,0.41088867,1.8787842
2446.6423,2061.6992,2446.8418,2061.9138,339,0.19946289,0.21459961
2376.4849,2042.746,2376.2896,2043.1414,339,-0.1953125,0.39538574
2386.7522,1964.2125,2387.2378,1964.4331,339,0.4855957,0.22058105
2456.5593,1981.7651,2456.7744,1981.9918,339,0.21508789,0.22668457
1713.0381,1635.8297,1713.2632,1636.2002,339,0.22509766,0.3704834
1661.596,1627.1448,1661.1766,1627.8278,339,-0.41931152,0.6829834
1666.9875,1561.1996,1666.7795,1560.9563,339,-0.20800781,-0.24328613
1717.8838,1568.6735,1718.0413,1569.2385,339,0.1574707,0.5650635
1474.0774,1880.873,1474.515,1881.3013,339,0.43762207,0.42822266
1428.5328,1871.7828,1428.3885,1872.4066,339,-0.14428711,0.6237793
1433.9392,1813.7317,1433.6307,1813.7968,339,-0.30847168,0.06506348
1478.5817,1821.8837,1479.1871,1823.0587,339,0.60546875,1.1750488
1719.9043,899.91595,1719.8658,900.3193,339,-0.03845215,0.4033203
1679.8804,898.0812,1679.7041,899.1965,339,-0.17626953,1.1152954
1680.6995,869.2842,1680.7932,870.0,339,0.09375,0.7158203
1720.4202,869.2257,1721.3468,870.0,339,0.92663574,0.774292
1669.0167,1041.0708,1668.7297,1040.7018,339,-0.2869873,-0.36901855
1622.8077,1039.4679,1623.6237,1039.1183,339,0.81591797,-0.34960938
1624.0,1006.5,1624.2864,1007.34467,339,0.28637695,0.8446655
1669.9155,1007.1111,1670.2388,1008.25134,339,0.3232422,1.1402588
1838.809,1453.6077,1838.7618,1454.1271,339,-0.04711914,0.5194092
1745.4331,1458.0758,1746.8491,1458.7521,339,1.4160156,0.67626953
1745.8049,1396.7074,1747.0715,1397.067,339,1.2666016,0.35961914
1840.7993,1391.2949,1841.0557,1392.4176,339,0.25634766,1.1226807
2158.3381,1322.4783,2158.684,1323.3745,339,0.34594727,0.89624023
2108.282,1338.2305,2107.9678,1339.3213,339,-0.31420898,1.0908203
2086.3022,1307.9302,2085.3672,1308.0792,339,-0.9350586,0.14904785
2135.1338,1291.489,2135.2905,1292.3383,339,0.15673828,0.84924316
1554.399,1021.3873,1554.6406,1021.65533,339,0.24157715,0.26800537
1510.8784,1019.5135,1510.811,1020.1933,339,-0.06738281,0.6798096
1514.658,965.7887,1514.4397,965.8558,339,-0.21826172,0.06707764
1558.85,966.8071,1558.8694,967.3144,339,0.01940918,0.5072632
1686.685,908.8593,1687.2301,908.6058,339,0.54504395,-0.25354004
1619.183,949.87604,1619.54,950.7522,339,0.35705566,0.87615967
1590.1813,866.8608,1589.5957,867.607,339,-0.5855713,0.7462158
1657.694,823.28235,1658.5227,825.0053,339,0.82873535,1.7229614
