0.007232666,-0.5343628
-0.62286377,-0.29483032
-0.5276489,-0.22903442
-0.3791504,-0.08569336
-0.5296936,-0.6278076
-0.27441406,-0.3404541
-0.33865356,-0.40618896
-0.7279663,-0.45751953
-0.5296936,-0.6278076
-0.27441406,-0.3404541
-0.33865356,-0.40618896
-0.7279663,-0.45751953
-0.1541748,-0.6284485
-0.12911987,-0.15719604
-0.5873718,-0.4093628
-0.30819702,-0.76312256
-0.5763855,-0.4284668
-0.7069092,-0.51275635
-0.64797974,-0.3033142
-0.40344238,-0.6678772
-0.5296936,-0.6278076
-0.27441406,-0.3404541
-0.33865356,-0.40618896
-0.7279663,-0.45751953
-0.09222412,-0.5413208
-0.34692383,-0.5569763
-0.6627197,-0.024414062
-0.25506592,-0.17651367
-0.07928467,-0.3595581
-0.20794678,-0.34423828
-0.62713623,-0.14276123
-0.44262695,0.07873535
-0.51382446,-0.32043457
-0.7635193,-0.17364502
-0.46411133,-0.4689331
-0.5615845,-0.60131836
-0.95962524,-0.013702393
-0.91645813,-0.74902344
-0.18058777,-0.49569702
-0.6961365,-0.6842346
-0.27838135,-0.01940918
-0.36108398,-0.3149414
-0.61694336,-0.45281982
-0.3095703,-0.07354736
-0.75909424,-0.59454346
-0.52020264,-0.6807556
-0.5722656,-0.72262573
0.038360596,-0.8062744
-0.38342285,-0.08166504
-0.92578125,-0.11669922
-0.17370605,-0.3753662
-0.4619751,0.121398926
-0.6762085,-0.73516846
-0.7550659,-0.30441284
-0.6534424,-0.79418945
-0.24157715,-0.53167725
-0.4683838,-0.14526367
-0.23895264,-0.563797
-0.26843262,-0.7180939
-0.43084717,-0.78408813
-0.39657593,-0.48147583
-0.42141724,-0.3746338
-0.4611206,-0.30477905
-0.585907,-0.09500122
-0.43463135,-0.5348816
-0.64086914,-0.6998596
-0.61187744,-0.23388672
0.14312744,-0.58151245
-0.50634766,-0.48898315
-0.522522,-0.2548523
-0.4857788,-0.2604065
-0.4227295,-0.45455933
-0.37628174,-0.82569885
-0.733551,0.1058197
-0.4892273,-0.4846115
-0.5694885,-0.2999115
-0.40957642,-0.6097412
-0.31521606,-0.42138672
-0.41638184,-0.6867676
-0.74560547,-0.39819336
-0.41705322,-0.48693848
-0.36584473,-0.29370117
-0.65826416,-0.20501709
-0.63586426,-0.546875
0.11419678,-0.41137695
-0.43515015,-0.51068115
-0.19592285,-0.741272
-0.66186523,-0.501709
-0.51171875,-0.5010071
-0.39501953,-0.438385
-0.4029541,-0.9512634
-0.3461914,-0.59677124
-0.26782227,-0.4046936
-0.43164062,-0.5843048
-0.45007324,-0.29083252
-0.27667236,-0.5885315
-0.42071533,-0.011108398
-0.52337646,-0.39865112
-0.38745117,0.3592224
-0.58044434,-0.6057434
-0.62323,-0.42834473
-0.20581055,-0.80511475
0.014587402,-0.3567047
0.07208252,-0.38154602
-0.46920776,-0.24850464
-0.35421753,-0.65979004
-0.56655884,-0.40350342
-0.6678467,-0.6502075
0.18371582,-0.3097229
-0.4675598,-0.38650513
-0.08343506,-0.1756897
-0.34295654,-0.46762085
-0.3583374,-0.32156372
-0.31195068,-0.07080078
-0.31704712,-0.7261658
-0.3364563,-0.80633545
-0.4916687,-0.45489502
-0.7167053,-0.16604614
-0.41229248,-0.6309204
-0.50787354,-0.7110901
-0.101501465,-0.10284424
-0.54003906,-0.23266602
-0.33984375,-0.39163208
-0.63757324,-0.22265625
-0.5767822,-0.2788086
-0.57366943,-0.61834717
-0.4453125,-0.35388184
-0.37268066,-0.4058838
-0.526947,-0.23498535
-0.7602844,-0.3121643
-0.4918213,-0.6390991
-0.13619995,-0.60601807
-0.31704712,-0.74243164
-0.94039917,-0.53778076
-0.3607788,-0.61557007
-1.0740051,-0.4819336
-0.22253418,-0.8518524
-0.118896484,-0.11845398
-0.36029053,-0.6135254
-0.6359253,0.05996704
-0.66116333,0.13916016
-0.82196045,-0.2767334
-0.35986328,-0.340271
-0.50527954,-0.1383667
-0.5727539,-0.20672607
-0.5531006,-0.44921875
-0.52056885,-0.2522583
-0.11114502,-0.5020752
-0.12298584,-0.56936646
-0.8706665,-0.49398804
0.23858643,-0.39501953
-0.5426636,-0.6456909
-0.14654541,-0.27227783
-0.12902832,-0.12033081
-0.3347168,0.00064086914
-0.26867676,-0.723938
-0.6423645,-0.9233856
-0.8260193,-0.22164917
-0.5906677,-0.5464325
-0.30838013,-0.76856995
-0.1937561,-0.12365723
-0.53601074,-0.2720337
-0.81018066,-0.29022217
-0.7565613,-0.64263916
-0.31811523,-0.40441895
-0.30145264,-0.11819458
-0.15991211,0.16027832
-0.36297607,-0.65179443
-0.49179077,-0.38555908
-0.51771545,-0.5680542
-0.6613617,-0.622345
-0.25924683,-0.37509155
-0.07891846,-0.2906189
-0.22521973,-0.8855591
-0.58813477,-0.007446289
-0.2666626,-0.111083984
-0.6281128,-0.40246582
-0.45812988,-0.83303833
-0.09991455,-0.3387146
-0.432312,-0.23504639
-0.2675171,-0.13500977
-0.66171265,-0.054595947
-0.6126404,-0.12536621
-0.3789673,-0.22955322
-0.4179077,-0.12072754
-0.61083984,-0.28494263
-0.87390137,-0.38946533
-0.43966675,-0.16778564
-0.22247314,-0.2657776
-0.33441162,-0.084472656
-0.053344727,-0.3383484
-0.42364502,-0.5267334
-0.4375,0.10961914
-0.56481934,-0.62319946
-0.44692993,-0.62042236
-0.7654724,-0.72125244
-0.4375,0.10961914
-0.56481934,-0.62319946
-0.44692993,-0.62042236
-0.7654724,-0.72125244
-0.46801758,-0.57522583
-0.25057983,-0.6863098
-0.06121826,-0.7133484
-0.31549072,-0.66937256
-0.5632324,-0.47998047
-0.25057983,-0.6863098
-0.28344727,-0.7133484
-0.31549072,-0.66937256
-0.4375,0.10961914
-0.56481934,-0.62319946
-0.44692993,-0.62042236
-0.7654724,-0.72125244
-0.51678467,-0.15222168
-0.6751709,0.019897461
-0.14788818,-0.48718262
-0.23822021,-0.0056762695
-0.6452637,-0.50390625
-0.34503174,-0.34594727
-0.6021118,-0.47332764
-0.081970215,-0.34020996
-0.33255005,-0.111083984
-0.5137024,-0.381073
-0.3471985,-0.6821594
-0.09927368,-0.6167908
-0.5491028,0.479187
-0.48220825,-0.62457275
-0.9944153,-0.54125977
-0.3815918,-0.20111084
-0.40826416,-0.7261658
-0.286438,-0.15560913
-0.3867798,-1.1095734
-0.3741455,-0.10093689
-0.3557434,-0.03778076
-0.6741333,-0.2855835
-0.34744263,-0.42315674
-0.449646,-0.07684326
-0.5453491,-0.99401855
-0.4140625,-0.6369171
-0.27526855,-0.6876373
-0.28363037,-0.87590027
-0.67626953,-0.5602417
-0.22735596,-0.4772644
-0.2956543,-0.30377197
-0.09399414,-0.68865967
-0.6494751,-0.42877197
-0.53948975,0.04156494
-0.5546875,-0.22125244
0.026611328,-0.83288574
-0.42840576,-0.722702
-0.6953125,-0.29107666
-0.56463623,-0.6827545
-0.40350342,-0.34347534
-0.30392456,-0.30163574
-0.5057068,-0.36853027
-0.71728516,-0.42071533
-0.6055603,-0.29473877
-0.24780273,-0.9902344
-0.61865234,-0.319458
-0.6990967,0.0048828125
-0.5762329,-0.39416504
-0.58496094,-0.16899109
-0.44415283,-0.75497437
-0.5952759,-0.41540527
-0.5458069,-0.7752838
-0.40234375,-0.47103882
-0.055236816,-0.71707153
-0.47210693,-0.3428955
-0.6065674,-0.31088257
-0.72387695,-0.6314392
-0.2730713,-0.56817627
0.04925537,-0.18099976
-0.1862793,-0.4055481
-0.777771,0.0
0.023620605,-0.5
-0.27056885,-1.0
-1.0,-0.5
0.015258789,-0.2142334
-0.50250244,-0.5114441
-0.7971802,-0.393219
-0.60339355,-0.15045166
-0.6573639,-0.31536865
-0.38983154,-0.4902954
-1.0382385,-0.6020508
-0.42533875,-0.3110962
-0.43267822,-0.3300476
-0.22314453,-0.62246704
-0.24365234,-0.54559326
-0.41131592,-0.2749939
-0.62002563,-0.22140503
-0.7661743,-0.4845276
-0.5109253,-0.18463135
-0.63308716,-0.6503906
-0.62002563,-0.22140503
-0.7661743,-0.4845276
-0.5109253,-0.18463135
-0.63308716,-0.6503906
-1.0463257,0.5491333
-0.76434326,-0.2715454
-0.852478,0.0022583008
-0.6854248,-0.17193604
-0.16235352,-0.44210815
-0.31256104,-0.23214722
-0.23260498,-0.7666626
-0.2892456,-0.26376343
-0.6017456,-0.8360596
-0.2779541,-0.5308533
-0.32781982,-0.67141724
-0.5249634,-0.25030518
-0.62002563,-0.22140503
-0.7661743,-0.4845276
-0.5109253,-0.18463135
-0.63308716,-0.6503906
0.06347656,-0.54626465
-0.48376465,-0.3727417
-0.2979126,-0.17510986
-0.5599365,-0.11260986
-0.18273926,-0.36273193
-0.31256104,-0.29656982
-0.6237793,-0.0025024414
-0.71343994,-0.48309326
-0.83309937,-0.19717407
-0.59213257,-0.2520752
-0.59375,-0.6504822
-0.47235107,-0.5630493
-0.4168396,-0.28393555
-0.32843018,-0.3838501
-0.90167236,-0.16998291
-0.3008728,-0.3734131
-0.65319824,-0.6866455
-0.24395752,-0.8230896
-0.19543457,-0.6173706
-0.24029541,-0.13363647
-0.28070068,-0.59043884
-0.3548584,-0.24386597
-0.7022705,-0.39826965
-0.122802734,-1.0314941
-0.2225647,0.00579834
-0.6481018,-0.15460205
-0.27172852,-0.56103516
-0.10018921,0.017089844
-0.49438477,-0.85494995
-0.4827881,-0.49087524
-0.09173584,-0.75216675
-0.2989502,-0.5122833
-0.24066162,-0.5812378
-0.75494385,-0.17352295
-0.4232788,-0.44952393
-0.38952637,-0.5662842
-0.3236084,-0.4998474
-0.7539673,-0.39642334
-0.19659424,-0.53396606
-0.5303345,-0.32894897
-0.2453003,-0.14196777
0.08642578,-0.53479004
-0.37677002,-0.32489014
-0.1541748,-0.5438843
-0.8411255,-0.7058258
-0.11804199,-0.5440674
-0.41851807,-0.55166626
-0.28808594,-0.5834198
-0.28405762,-0.48614502
-0.6949158,-0.26989746
-0.5637512,-0.5075073
-1.0934448,-0.31671143
-0.17230225,-0.42059326
-0.15814209,-0.43933105
-0.5265503,-0.11254883
-0.6837158,-0.24713135
-0.5336304,-0.2320404
-0.48190308,-0.8042908
-0.5932617,-0.45095825
-0.10745239,-0.4360962
-0.50897217,-0.29022217
-0.34710693,-0.5158081
-0.46801758,-0.5293579
-0.5425415,-0.5218506
-0.39379883,-0.5598755
-0.7602539,-0.77111816
-0.22692871,-0.38427734
-0.14593506,-0.23550415
0.0,-0.016357422
-0.5,0.03326416
-1.0,-0.777771
-0.5,-0.5
0.024902344,-0.181427
-0.3567505,-0.22528076
-0.80444336,-0.3244934
-0.62054443,-0.1663208
-0.6502991,-0.54867554
-0.4225464,-0.16052246
-0.35824585,-0.30090332
-0.56951904,-0.22650146
-0.37469482,-0.5488281
-0.32269287,-0.58358765
-0.2972412,-0.14099121
-0.57128906,-0.3078003
-0.6552124,-0.757782
-0.91885376,-0.36343384
-0.38064575,-0.184906
-0.6444397,-0.023956299
-0.6552124,-0.757782
-0.91885376,-0.36343384
-0.38064575,-0.184906
-0.6444397,-0.023956299
-0.34716797,-0.37387085
-0.25891113,-0.0067443848
-0.2855835,-0.675354
-0.15270996,-0.2960205
-0.763855,-0.81829834
-0.7717285,-0.2503357
-0.2855835,-0.675354
-0.54663086,-0.2354126
-0.6552124,-0.757782
-0.91885376,-0.36343384
-0.38064575,-0.184906
-0.6444397,-0.023956299
0.04840088,-0.4576416
-0.2265625,-0.395813
-0.13745117,-0.24261475
-0.49432373,-0.13214111
-0.55963135,-0.26397705
-0.30377197,-0.2919922
0.017700195,-0.23712158
-0.22607422,0.09320068
-0.69766235,-0.46795654
-0.35757446,-0.5423279
-0.2621765,-0.082458496
-0.66030884,-0.17434692
-0.89727783,-0.34161377
-0.44506836,-0.34387207
-0.22200012,-0.39282227
-0.8172302,0.05706787
-0.34301758,-0.6183777
-0.4576416,-0.769104
-0.32507324,-0.018981934
-0.26342773,-0.5944519
-0.2006836,0.1295166
-0.5142822,-0.9988556
-0.5510254,0.025878906
-0.45916748,-0.6082916
-0.3444214,-0.23132324
-0.7544861,-0.27929688
-0.6595154,-0.5071411
-0.50961304,-0.006591797
-0.74139404,-0.66256714
-0.6265259,-0.26611328
-0.38433838,-0.66812134
-0.33648682,-0.699646
-0.30126953,-0.31878662
-0.6263428,-0.6600952
-0.36291504,-0.085632324
-0.33709717,-0.24511719
-0.48413086,-0.8446655
-0.49145508,-0.3031006
-0.45147705,-0.31254578
-0.45233154,-0.5244446
-0.6304474,-0.08105469
-0.51750183,-0.40093994
-0.6748657,-0.48846436
-0.17819214,-0.4262085
-0.4751587,-0.5859375
-0.15258789,-0.5828247
-0.34631348,-0.01852417
-0.548584,-0.8557129
-0.46780396,-0.5167999
-0.5505371,-1.0122452
-0.49639893,-0.059288025
-0.05331421,-0.73915863
-0.46740723,-0.5852661
-0.48272705,-0.84198
-0.17279053,-0.4855957
-0.22808838,-0.15853882
-0.48284912,-0.32437134
-0.46691895,-0.3652954
-0.60272217,-0.36416626
-0.22467041,-0.4653015
-0.3406372,-0.5739136
-0.54382324,-0.018798828
-0.4267578,-0.53704834
-0.36694336,-0.16436768
-0.43670654,-0.45355225
-0.5267334,0.00091552734
-0.57144165,-0.62802124
-0.3585205,-0.33657837
-0.62316895,-0.111816406
-0.52212524,-0.4539795
-0.37905884,-0.38201904
-0.72665405,-0.2956543
-0.62316895,-0.111816406
-0.52212524,-0.4539795
-0.37905884,-0.38201904
-0.72665405,-0.2956543
-0.42581177,-0.6799011
-0.13546753,0.018066406
-0.30368042,-0.32266235
-0.2322998,-0.68640137
-0.5210571,-0.58465576
-0.86880493,-0.2041626
-0.5259094,-0.32266235
-0.4545288,-0.68640137
-0.62316895,-0.111816406
-0.52212524,-0.4539795
-0.37905884,-0.38201904
-0.72665405,-0.2956543
-0.5637207,-0.5881958
-0.41522217,-0.44049072
-0.36761475,-0.49667358
-0.47155762,-0.20785522
-0.29144287,-0.33929443
-0.57543945,-0.31195068
-0.3276062,-0.5963745
-0.33651733,-0.66864014
-0.4128418,0.2175293
-0.9130249,-0.042236328
-0.13555908,-0.36358643
-0.5155029,-0.24951172
-0.06781006,-0.9671631
-0.35861206,-0.5793457
-0.9727173,-0.36547852
-0.3651123,-0.49464417
-0.50842285,-0.49424744
-0.28857422,-0.6869354
-0.36779785,-0.5287628
-0.256958,-0.7217407
-1.1053162,-0.8208313
-0.55592346,-0.4842682
-0.72436523,-0.56181335
-0.4031067,-0.61413574
-0.5029907,-0.27294922
-0.2668457,-0.5479126
-0.6486206,-0.41375732
-0.6003723,-0.040283203
-0.4052124,-0.26620483
-0.6281433,-0.21240234
-0.6173401,-0.34820557
-0.8020935,-0.5192261
-0.62890625,-0.10910034
-0.9113922,-0.7156372
-0.14666748,-0.3088379
-0.48698425,-0.05795288
-0.5930786,-0.29907227
-0.29022217,-0.56869507
0.038085938,-0.21203613
-0.5081787,-0.22769165
-0.4086914,-0.09906006
-0.6144409,-0.5609741
-0.54415894,-0.3739624
-0.062286377,-0.18292236
-0.57910156,-0.3819275
-0.41497803,-0.60946655
-0.4906006,-0.42443848
0.084991455,-0.53619385
0.00982666,-0.3977661
-0.5923462,-0.62002563
-0.34823608,-0.565094
-0.4923401,-0.31396484
-0.4382019,-0.661438
-0.35827637,-0.26416016
-0.22805786,-0.2902832
-0.4165039,-0.75842285
-0.4382019,-0.661438
-0.35827637,-0.26416016
-0.22805786,-0.2902832
-0.4165039,-0.75842285
-0.26013184,-0.2685547
-0.12194824,-0.26727295
-0.6152954,-0.38339233
-0.31878662,-0.23886108
-0.6439514,-0.3291626
-0.061340332,-0.37332153
-0.6152954,-0.38339233
-0.41403198,-0.33410645
-0.4382019,-0.661438
-0.35827637,-0.26416016
-0.22805786,-0.2902832
-0.4165039,-0.75842285
-0.3659668,-0.23693848
-0.6159668,-0.24737549
-0.15753174,-0.66986084
-0.7664795,-0.117126465
-0.36419678,-0.4805603
-0.3850708,-1.0
-0.22424316,-0.5
-0.73669434,-0.4874878
-0.5701294,-0.036193848
-0.4406128,-0.7542114
0.08190918,0.05432129
-0.24658203,-0.20635986
-0.37023926,-0.2980957
-0.54559326,-0.39474487
-0.19094849,-0.27844238
-0.1468811,-0.5784607
-0.5982666,-0.7886658
-0.34179688,-0.39297485
-0.35079956,-0.09866333
-0.8439636,-0.6713257
0.18341064,-0.1739502
-0.26153564,-0.1796875
-0.5609131,-0.986084
-0.24786377,-0.0960083
-0.57714844,-0.6352539
-0.6194153,-0.12661743
-0.3796692,-0.44470215
-0.2449646,-0.2989807
-0.18780518,-0.40693665
-0.418396,-0.44651794
-0.5979004,-0.027328491
-0.46289062,-1.1335602
-0.48968506,0.14459229
-0.91241455,0.022949219
-0.5877075,-0.12554932
-0.6865845,0.14593506
-0.29577637,-0.5777893
-0.51678467,-0.4544983
-0.18591309,-0.47351074
-0.7250366,-0.16107178
-0.8223877,-0.28271484
-0.27288818,-0.43753052
-0.3189087,-0.4628296
-0.4925537,-0.48449707
-0.4888916,-0.35458374
-0.19537354,-0.6022949
-0.25250244,-0.40304565
-0.034179688,-1.1565552
-0.28689575,-0.8227539
-0.034973145,-0.41325378
-0.6753235,-0.4585724
-0.3103943,-0.59495544
-0.3416748,-0.4729004
-0.5267639,-0.300354
-0.63848877,-0.550354
-0.5647888,-0.52441406
-0.43798828,-0.14685059
-0.46539307,-0.2468872
-0.550354,-0.2553711
-0.7017822,-1.0432739
-0.49890137,-0.5202637
-0.548584,-0.26409912
-0.4557495,-0.0552063
-0.598999,-0.38671875
-0.1854248,-0.49990845
-0.79348755,-0.7411194
-0.947052,-0.6094055
-0.40548706,-0.33428955
-0.6682739,-0.1736145
-0.25482178,-0.66381836
-0.8703613,-0.5246582
-0.6989136,-0.4567871
-0.20477295,-0.5028076
-0.5383911,0.017028809
-0.317688,-0.13656616
-0.59643555,-0.6167908
-0.25598145,-0.23046875
-0.34423828,-0.3421631
-0.4338379,-0.65179443
-0.45910645,-0.54174805
-0.8643799,-0.42230225
-0.33569336,-0.6557007
-0.7494812,0.025787354
-0.21801758,-0.24234009
-0.27148438,-0.15631104
-0.2642212,-0.35528564
-0.44958496,-0.64624023
-0.62249756,-0.09988403
-0.5661316,-0.4512329
-0.3980713,-0.50283813
-0.3171997,-0.45343018
-0.26071167,-0.19177246
-0.2955017,-0.54086304
-0.8572998,-0.5740051
-0.54229736,-0.1612854
-0.79086304,-0.65530396
-0.5661316,-0.4512329
-0.3980713,-0.50283813
-0.3171997,-0.45343018
-0.26071167,-0.19177246
-0.2955017,-0.54086304
-0.8572998,-0.5740051
-0.54229736,-0.1612854
-0.79086304,-0.65530396
-0.16644287,-0.16204834
-0.29083252,-0.6522217
-0.42523193,-0.5090332
-0.26031494,-0.4295044
-0.2998047,-0.29537964
-0.29083252,-0.6522217
-0.4781494,-0.5302124
-0.42962646,-0.48242188
-0.5661316,-0.4512329
-0.3980713,-0.50283813
-0.3171997,-0.45343018
-0.26071167,-0.19177246
-0.2955017,-0.54086304
-0.8572998,-0.5740051
-0.54229736,-0.1612854
-0.79086304,-0.65530396
-0.30755615,-0.58929443
-0.51556396,-0.52911377
-0.28112793,-0.27471924
-0.38555908,-0.24914551
-0.6348877,0.031921387
-0.0154418945,0.23522949
-0.95861816,-1.131134
0.042297363,-0.015319824
-0.24475098,-0.17572021
-0.5592041,-0.23242188
-0.20361328,-0.24053955
-0.15942383,-0.41833496
-0.27142334,-0.09277344
-0.69104004,-0.18878174
-0.54977417,-0.104644775
-0.44909668,-0.5539551
-0.17538452,-0.2906494
-0.7626953,-0.277771
-0.43243408,-0.32806396
-0.52734375,-0.4105835
-0.77575684,-0.59069824
0.06387329,-0.79086304
-0.5166321,-0.29885864
-0.19744873,-0.013885498
-0.030517578,-0.6729126
-0.87768555,-0.44934082
-0.4345703,-0.4951172
-0.4750061,-0.3062744
-0.51312256,-0.5331726
-0.41497803,-0.5691223
-0.62335205,-0.64886475
-0.19262695,-0.46453857
-0.5233154,-0.32269287
-0.42211914,-0.6815796
-0.24713135,-0.27944946
-0.33972168,-0.30023193
-0.5930176,-0.753479
-0.489563,-0.7279968
-0.45941162,-0.2529602
-0.6876831,-0.68652344
-0.18920898,-0.6400757
-0.04711914,-0.33251953
-0.3955078,-0.4508667
-0.31524658,-0.302063
-0.5168457,-0.72935486
-0.5977783,-0.49673462
-0.41815186,-0.112335205
-0.74731445,-0.43269348
-0.4920349,-0.059387207
-0.52908325,-0.44055176
-0.8841858,-0.30871582
-0.101135254,-0.08520508
-0.4768982,-0.39215088
-0.6300659,-0.30386353
-0.4222412,-0.44039917
-0.7561035,-0.6442261
-0.16592407,-0.46585083
-0.5840759,-0.75582886
-0.46246338,-0.8099365
-0.359375,-0.54670715
-0.6014404,-0.060638428
-0.099365234,-1.0626831
-0.23339844,-0.80007935
-0.36175537,-0.3781433
0.03466797,-0.48815918
-0.2546997,-0.55841064
-0.49957275,-0.3808899
-0.2532959,-0.45596313
-0.24884033,-0.29510498
-0.43432617,-0.2368164
-0.6168823,-0.46981812
-0.46569824,-0.40292358
-0.31809998,-0.6643982
-0.9213562,-0.6296692
-0.8102722,-0.7312012
-0.6981354,-0.2480774
-0.4202881,-0.078063965
-0.4756775,-0.043182373
-0.4506836,-0.08340454
-0.42074585,-0.39041138
-0.30249023,-0.47213745
-0.4333496,-0.20953369
-0.29467773,-0.43145752
-0.5195923,-0.17770386
-0.59658813,-0.049957275
-0.39157104,-0.21994019
-0.2159729,-0.30343628
-0.8052368,-0.29040527
-0.59658813,-0.049957275
-0.39157104,-0.21994019
-0.2159729,-0.30343628
-0.8052368,-0.29040527
-0.42736816,-0.5301819
-0.3416748,-0.47195435
-0.2791748,-0.7493286
-0.17022705,-0.3295288
-0.42736816,-0.8968506
-0.24645996,-0.37670898
-0.2791748,-0.5270996
-0.24432373,-0.43322754
-0.59658813,-0.049957275
-0.39157104,-0.21994019
-0.2159729,-0.30343628
-0.8052368,-0.29040527
0.037597656,-0.13604736
-0.46325684,-0.18347168
-0.05908203,-0.114746094
-0.58154297,-0.3357544
-0.7991333,-0.31304932
-0.24920654,-0.56518555
-0.3684082,-0.5252075
-0.12884521,-0.14501953
-0.42230225,-0.49157715
-0.5397339,-0.49505615
-0.6905823,-0.4170227
-0.26516724,-0.34899902
-0.52905273,0.002380371
-0.689209,0.035339355
-0.50845337,-0.48638916
-0.6548157,-0.33599854
-0.48431396,-0.09136963
-0.5895386,-0.32037354
-0.69833374,-0.24902344
-0.46151733,-0.37426758
-0.50616455,-0.79260254
-0.49395752,-0.59747314
-0.15344238,-0.552948
-0.30151367,-0.5579834
-0.3918457,-0.1270752
-0.5404053,-0.2682495
-0.260437,-0.37756348
-0.7265625,-0.78240967
-0.86346436,-0.763031
-0.42791748,-0.008178711
-0.5772705,-0.7491455
-0.23480225,-0.3687439
-0.25390625,-0.28857422
-0.2857666,-0.42071533
-0.27563477,-0.2189331
-0.18884277,-0.50787354
-0.70196533,-0.76864624
-0.34710693,-0.44075012
-0.2755127,-0.42619324
-0.5621948,-0.6545868
-0.043273926,-0.16835022
-0.20611572,-0.8808441
-0.7689209,-0.6282501
-0.46725464,-0.57554626
-0.20129395,-0.09399414
-0.07989502,-0.6208496
-0.49072266,-0.48535156
-0.42010498,-0.48791504
-0.9968567,-1.3333435
-0.07470703,-0.5
-0.6210022,-0.2498169
-0.638855,-0.36135864
-0.19616699,-0.36419678
-0.66192627,-0.4951477
-0.48010254,-0.5877075
-0.28546143,-0.1897583
-0.0703125,-0.05102539
-0.4066162,-0.39083862
-0.38964844,-0.349823
-0.5960083,-0.35421753
-0.4933548,-0.28753662
-0.9616394,-0.2756958
-0.9024811,-0.27557373
-0.8567505,0.056884766
-0.45336914,-0.014892578
-0.25634766,-0.024719238
-0.3782959,-0.36846924
-0.53338623,-0.2923584
-1.0521698,-0.2901001
-0.7906189,-0.15948486
-0.77067566,-0.50653076
-0.47270203,-0.0087890625
-0.70288086,-0.016815186
-0.5420227,-0.6563721
-0.5352783,-0.19033813
-0.63220215,-0.6774292
-1.0521698,-0.2901001
-0.7906189,-0.15948486
-0.77067566,-0.50653076
-0.47270203,-0.0087890625
-0.70288086,-0.016815186
-0.5420227,-0.6563721
-0.5352783,-0.19033813
-0.63220215,-0.6774292
0.12097168,-0.37820435
-0.47021484,-0.15734863
-0.2522583,0.032684326
-0.25274658,-0.31253052
-0.3184204,-0.77215576
-0.5231323,-0.32666016
0.046447754,-0.123168945
-0.34796143,-0.40777588
-1.0521698,-0.2901001
-0.7906189,-0.15948486
-0.77067566,-0.50653076
-0.47270203,-0.0087890625
-0.70288086,-0.016815186
-0.5420227,-0.6563721
-0.5352783,-0.19033813
-0.63220215,-0.6774292
-0.3102417,-0.45385742
-0.48614502,-0.15063477
-0.16345215,0.057006836
-0.3012085,-0.2633667
-0.115356445,-1.0
-0.55682373,-0.45758057
-0.7137451,-0.79626465
-0.62298584,-0.5
-0.86035156,-0.24188232
0.055358887,-1.8522339
-0.58673096,-0.3814392
-0.5673828,-0.9899597
-0.6730957,-0.44384766
-0.43426514,-0.76242065
-0.17321777,-0.37164307
-0.32928467,-0.6239624
-0.51660156,-0.076660156
-0.33544922,-0.45367432
-0.8006897,-0.40533447
-0.37008667,-0.42980957
-0.37530518,-0.21304321
-0.49023438,-0.7871094
-0.24987793,-1.1750793
-0.2288208,-0.0077667236
-0.52767944,-0.35998535
-0.4864502,-0.5446472
-0.37023926,-0.29144287
-0.34017944,-0.09729004
-0.39941406,-0.60546875
-0.29180908,-0.18551636
-0.42797852,-0.5142212
-0.4387207,-0.3864441
-0.57110596,-0.38201904
-0.71539307,-0.52789307
-0.7107544,-0.26434326
-0.39349365,-0.36090088
-0.543396,-0.22973633
-0.09094238,-0.077941895
-0.32714844,-0.2880249
-0.4260254,-0.5623779
-0.29040527,-0.6849365
-0.39257812,-0.15255737
-0.20513916,-0.710083
-0.4534912,-0.89749146
-0.49943542,0.07318115
-0.7983093,-0.50408936
-0.7944946,-0.690979
-0.6365051,-0.35375977
-0.26504517,-0.9093323
-0.43481445,-0.5470886
-0.53552246,-0.20767212
-0.4100647,-0.70562744
-0.11077881,-0.5544052
-0.18151855,-0.99993134
-0.27529907,-0.2949829
-0.3789673,-0.69950867
-0.52575684,-0.2861328
-0.6402588,-0.1652832
-0.69433594,-0.6408081
-0.5571289,-0.3659668
-0.6886902,0.23428345
-0.46481323,-0.5383301
-0.49658203,-0.046691895
-0.7836304,-0.19894409
-0.25506592,-0.35772705
-0.32409668,-0.105407715
-0.48590088,-0.33950806
-0.09277344,-0.22021484
-0.88201904,-0.777771
-0.5,-0.5
-1.0,-0.48034668
-0.15679932,-0.5404663
-0.5819092,-0.64730835
-0.3017578,-0.46258545
-0.62713623,-0.5560913
-0.5369873,-0.6329346
0.101623535,-0.27407837
-0.24633789,-0.66415405
-0.51745605,-0.64242554
0.15386963,-0.17849731
-0.016021729,-0.54748535
-0.56463623,-0.33911133
-0.31280518,-0.5653076
-0.26748657,-0.37496948
-0.61901855,-0.43115234
-0.42825317,-0.5942383
-0.23522949,-0.2991333
-0.6378479,-0.71417236
-0.61901855,-0.43115234
-0.42825317,-0.5942383
-0.23522949,-0.2991333
-0.6378479,-0.71417236
-0.1800232,-0.184021
-0.2918396,-0.6048584
-0.46029663,0.003692627
-0.21472168,-0.7102661
-0.9577942,-0.184021
-0.38708496,-0.50964355
-0.555542,-0.091552734
-0.43695068,-0.7102661
-0.61901855,-0.43115234
-0.42825317,-0.5942383
-0.23522949,-0.2991333
-0.6378479,-0.71417236
-0.42858887,-0.10839844
-0.52893066,-0.3939209
-0.1529541,-0.58428955
-0.6477661,-0.36151123
-0.4845581,-0.43695068
-0.27191162,-0.12023926
-0.21942139,-0.25854492
-0.63897705,-0.44085693
-0.44470215,-0.18206787
-0.055664062,-0.11828613
-0.24414062,-0.41986084
0.048095703,-0.12701416
-0.038085938,-0.38342285
-0.63378906,-0.2923584
-0.087890625,-0.31121826
-0.41949463,-0.1850586
-0.6355896,-0.51763916
-0.48086548,-0.23538208
-0.33932495,-0.35211182
-0.61190796,-0.10571289
-0.6737671,-0.7213745
-0.2467041,-0.70140076
-0.3300171,-0.5763855
-0.6370239,-0.8808594
-0.58558655,-0.35849
-0.47691345,-0.5729675
-0.47398376,-0.35894775
-0.7141113,-0.6117401
0.11431885,-0.8139038
-0.585968,-0.22885132
-0.5996704,-0.4411621
-0.723053,-0.23297119
-0.25274658,-0.47357178
-0.79937744,-0.5628967
-0.30786133,-0.54644775
-0.40618896,-0.67663574
-0.51031494,-0.34646606
-0.35461426,-0.7281952
-0.22058105,-0.6145477
-0.5024414,-0.8642578
-0.50616455,-0.6430969
-0.1656189,-0.38015747
-0.30700684,-0.23059082
-0.28875732,-0.566803
-0.2670288,-0.222229
-0.066101074,-0.555542
-0.7602844,-0.4892578
-1.1730957,-0.24523926
-0.21948242,0.11767578
-0.25073242,-0.29974365
-0.43719482,-0.3928833
-0.23931885,-0.08081055
-0.27783203,-0.6715698
-0.21691895,-0.11013794
-0.2849121,-0.47329712
-0.43554688,-0.7810669
-0.037597656,-0.29296875
-0.54556274,-0.30621338
-0.49954224,-0.66934204
-0.604126,-0.47839355
-0.5449219,-0.2800598
-0.4230652,-0.2741089
-0.22979736,-0.3682251
-0.6289978,-0.63082886
-0.5449219,-0.2800598
-0.4230652,-0.2741089
-0.22979736,-0.3682251
-0.6289978,-0.63082886
-0.35317993,-0.2399292
-0.59594727,-0.61724854
-0.22116089,-0.35076904
-0.29000854,-0.3564148
-0.85317993,-0.4621582
-0.59594727,-0.61724854
-0.22116089,-0.35076904
-0.3852539,-0.45166016
-0.5449219,-0.2800598
-0.4230652,-0.2741089
-0.22979736,-0.3682251
-0.6289978,-0.63082886
-0.430542,-0.05633545
-0.5652466,-0.5072632
-0.38781738,-0.532959
-0.6724243,-0.21044922
-0.1774292,-0.9484558
-0.26190186,-0.17855835
-0.79455566,-0.08496094
-0.7670288,-1.0244446
-0.2871704,-0.27148438
-0.2680664,-0.48571777
0.021362305,-0.17669678
-0.28094482,-0.38952637
-0.07525635,-0.090545654
-0.8048706,-0.2980957
-0.44647217,-0.18762207
-0.48114014,-0.6091614
-0.28463745,-0.47473145
-0.64404297,-0.42260742
-0.110198975,0.13369751
-0.7106323,-0.32836914
-0.15319824,-0.33496094
-1.0040283,-0.1418457
-0.5890503,-0.24578857
-0.56427,0.18774414
-0.5899048,-0.36532593
-0.17098999,-0.3580017
-0.6364136,-0.36260986
-0.5723877,-0.19155884
-0.4588318,-0.2807312
-0.35739136,-0.6411133
-0.5324707,-0.5899658
-0.7444458,-0.7347412
-0.4577942,-1.085083
-0.7044678,-0.40359497
-0.38165283,-0.6478882
-0.6286316,0.19082642
0.012207031,-0.6515808
-0.4786377,-0.58499146
-0.22106934,-0.6332092
-0.42700195,-0.40316772
-0.5857849,-0.17321777
-0.5467529,-0.6759949
-0.52993774,-0.5380554
-0.45950317,-0.19128418
-0.5274048,-0.03414917
-0.0993042,-0.46243286
-0.6017456,-0.505249
-0.5853882,-0.3821411
-0.010192871,-0.6395874
-0.58966064,-0.34378052
-0.5839844,-0.5897217
-0.3687744,-0.6165161
-0.24023438,-0.22979736
-0.41674805,-0.45373535
-0.6124878,-0.38793945
-0.28564453,-0.55029297
0.0047912598,-0.21096802
-0.3834839,-0.58102417
-0.5319824,-0.88568115
-0.3882141,-0.2965088
-0.4761963,-0.5616455
0.011657715,-0.27825928
-0.34466553,-0.38815308
-0.4201355,-0.2048645
-0.6622009,-0.42721558
-0.43688965,-0.7574158
-0.41210938,-0.8408203
-0.28619385,-0.40213013
-0.5787964,-0.8492737
-0.23400879,-0.5404053
-0.37149048,-0.26846313
-0.49780273,-0.4918213
-0.6622009,-0.42721558
-0.43688965,-0.7574158
-0.41210938,-0.8408203
-0.28619385,-0.40213013
-0.5787964,-0.8492737
-0.23400879,-0.5404053
-0.37149048,-0.26846313
-0.49780273,-0.4918213
-0.10900879,-0.65093994
-0.25506592,-0.3713379
-0.048614502,-0.7770996
-0.15631104,-0.30795288
-0.6090088,-0.65093994
-0.58203125,-0.69836426
-0.41897583,-0.70303345
-0.25152588,-0.40319824
-0.6622009,-0.42721558
-0.43688965,-0.7574158
-0.41210938,-0.8408203
-0.28619385,-0.40213013
-0.5787964,-0.8492737
-0.23400879,-0.5404053
-0.37149048,-0.26846313
-0.49780273,-0.4918213
-0.26385498,-0.4071045
-0.2277832,-0.48077393
-0.32495117,-0.42425537
-0.8085327,-0.37670898
-0.6798096,-0.06756592
-0.04852295,-0.62939453
-0.13500977,-0.33465576
-0.5678711,-0.023132324
-0.23608398,-0.27722168
-0.8763428,-0.58361816
-0.2756958,-0.54330444
-0.16802979,-0.25271606
-0.41381836,-0.5317688
-0.29464722,-0.7385254
-1.0378113,-0.3059082
-0.0065307617,0.06463623
-0.18408203,-0.38537598
-0.8913574,-0.19158936
-0.3928833,-0.37927246
-0.73724365,0.13555908
-0.3768921,-0.60510254
-0.5309448,-0.58947754
-0.5112915,-0.06478882
-0.5740967,-0.27746582
-0.33135986,-0.9389038
-0.6759033,-0.12289429
-0.411438,-0.552063
-0.30639648,-0.60095215
-0.2789917,-0.31445312
0.07684326,-0.25979614
-0.4491577,-0.37738037
-0.15264893,-0.65753174
-0.4393921,-0.672699
-0.36798096,-0.3456421
-0.25964355,-0.31762695
-0.36279297,-0.32803345
-0.40756226,-0.17401123
-0.27478027,-0.3994751
-1.0432434,-0.41430664
-0.6109619,-0.34033203
-0.12112427,-0.40997314
-0.5491333,-0.14538574
-0.44143677,-0.08465576
-0.872406,-0.27264404
-0.4855957,-0.1864624
-0.51586914,-0.7980957
-0.4630127,-0.44552612
-0.31985474,-0.43988037
-0.61273193,-0.09893799
-0.5308838,-0.92614746
-0.4389038,-0.15698242
-0.35925293,-0.14828491
-0.4000244,-0.33483887
-0.37371826,-0.37445068
-0.26763916,-0.15341187
-0.71014404,-0.08154297
-0.15570068,-0.26968384
-0.53686523,-0.7027588
-0.40075684,-0.1357727
-0.023071289,-0.33691406
-0.5792694,-0.460083
-0.44592285,-0.6386719
-0.8218689,-0.39642334
-0.7342682,-0.45394897
-0.52319336,-0.22418213
-0.4454651,-0.40585327
-0.14801025,-0.31420898
-0.57281494,-0.2822876
-0.7333374,-0.52957153
-0.58636475,-0.46588135
-0.88949585,-0.75860596
-0.37246704,-0.7741089
-0.25509644,-0.13848877
-0.73187256,-0.7197876
-0.42788696,-0.33374023
-0.7182617,-0.31536865
-0.7333374,-0.52957153
-0.58636475,-0.46588135
-0.88949585,-0.75860596
-0.37246704,-0.7741089
-0.25509644,-0.13848877
-0.73187256,-0.7197876
-0.42788696,-0.33374023
-0.7182617,-0.31536865
-0.2298584,-0.15240479
-0.71466064,-0.14477539
-0.28674316,-0.28866577
-0.19787598,-0.3632202
-0.32507324,-0.24761963
-0.6194458,-0.23999023
-0.28674316,-0.7886658
-0.60266113,-0.26797485
-0.7333374,-0.52957153
-0.58636475,-0.46588135
-0.88949585,-0.75860596
-0.37246704,-0.7741089
-0.25509644,-0.13848877
-0.73187256,-0.7197876
-0.42788696,-0.33374023
-0.7182617,-0.31536865
-0.28131104,-0.42077637
-0.5289917,-0.40496826
-0.4381714,-0.51379395
-0.43792725,-0.38690186
-0.52056885,-0.27514648
-0.3630371,-0.5362549
-0.65789795,-0.2937622
-0.31256104,-0.20129395
-0.17913818,-0.40600586
0.017028809,-1.0551147
-0.3922119,-0.39970398
-0.21685791,-0.3693695
-0.40875244,-0.17999268
-0.61151123,-0.25946045
-0.4107666,-0.38226318
-0.49389648,-0.2232666
-0.2548828,-0.98742676
-0.6072998,-0.47799683
-0.60369873,-0.268219
-0.45855713,-0.11468506
-0.49282837,-0.21343994
-0.28918457,-0.2952881
-0.73339844,-0.6817627
-0.6026001,-0.5064697
-0.7196655,-0.8703613
-0.5325928,-0.47229004
-0.3517456,-0.15158081
-0.6226196,-0.3326416
-0.009613037,-0.28137207
-0.7668762,-0.26464844
-0.62927246,-0.5515137
-0.477005,-0.14251709
-0.34362793,-0.5131378
-0.60931396,-0.709198
-0.22692871,-0.5119324
-0.21173096,-0.43463135
-0.4989624,-0.13336182
-0.2822876,-0.22644043
-0.58392334,-0.44909668
-0.505249,-0.6677246
-0.32592773,-0.3577881
-0.4543457,-0.29818726
-0.021728516,-0.10342407
-0.40045166,-0.29205322
-0.45098877,-0.08401489
-0.222229,-0.52459717
-0.6046753,-0.8453064
-0.46917725,-0.55773926
-0.5513458,-0.32058716
-0.8420868,-0.29599
-0.9992981,-0.7448425
-0.7994385,-0.050201416
-0.5501709,-0.28045654
-0.2521057,-0.39691162
-0.08258057,-0.2454834
-0.46429443,-0.49334717
-0.40750122,-0.038116455
-0.9009094,-0.66796875
-0.3265381,-0.29354858
-0.6713257,-0.11917114
-0.40750122,-0.038116455
-0.9009094,-0.66796875
-0.3265381,-0.29354858
-0.6713257,-0.11917114
0.29779053,-0.59313965
-0.4899292,-0.30786133
-0.3133545,-0.5741577
-0.4524536,-0.40298462
-0.56884766,-0.7264404
-0.45532227,-0.6065674
-0.36743164,-0.53302
-0.4524536,-0.40298462
-0.40750122,-0.038116455
-0.9009094,-0.66796875
-0.3265381,-0.29354858
-0.6713257,-0.11917114
-0.34716797,-0.19525146
-0.4281006,-0.12286377
-0.35205078,-0.36676025
-0.5651245,-0.45288086
-0.45129395,0.27008057
-0.8354492,-0.95965576
-0.39019775,-0.2840271
-0.7620239,-0.08572388
-0.35479736,-0.39215088
-0.0115356445,-0.34936523
-0.2444458,-0.30755615
-0.2755127,-0.6588135
0.022216797,-0.47177124
-0.9038696,-0.6114197
-0.41003418,-0.26333618
-0.77246094,-0.5498352
-0.29696655,-0.725708
-0.4776001,-0.41696167
-0.44241333,-0.26861572
-0.48291016,-0.4831543
-0.4683838,-0.74749756
0.022338867,-0.32669067
-0.34277344,-0.78260803
-0.5237427,-0.6715393
-0.39764404,-0.4100952
-0.7631836,-0.52249146
-0.3446045,-0.6737366
-0.65448,0.06399536
-0.5393677,-0.21011353
-0.19458008,-0.35586548
-0.6655884,-0.29388428
-0.34069824,-0.79229736
-0.57458496,-0.3145752
-0.630249,-0.28875732
-0.7496338,-0.17480469
-0.20828247,-0.36468506
-0.43743896,-0.41326904
-0.13275146,-0.09338379
-0.36517334,-0.21069336
-0.45092773,-0.59454346
-0.15722656,-0.88430786
-0.56073,-0.39526367
-0.27679443,-0.24835205
-0.5111084,-0.81396484
-0.35250854,-0.5262451
-0.44232178,-0.6565552
-1.1293182,-0.7449951
-0.15509033,-0.59594727
-0.37069702,-0.3255005
-0.010437012,-0.42218018
-0.58483887,0.12649536
-0.7723999,-0.62677
-0.30474854,-0.7386627
-0.2243042,-1.0743561
-0.31524658,-0.64523315
-0.1338501,-0.050498962
-0.33416748,0.060302734
-0.40612793,-0.25982666
-0.619751,-0.5460205
-0.77319336,-0.09112549
-0.5740967,-0.63378906
-0.33093262,-0.2086792
-0.16137695,-0.5482178
-0.6539917,-0.45715332
-0.21136475,-0.19732666
-0.14068604,-0.5848694
0.022338867,-0.2111206
-0.57788086,-0.4721985
-0.0064697266,-0.80892944
-0.51586914,-0.32304382
-0.7908325,-0.5213165
-0.4439087,-1.0100555
-0.20385742,-0.2635498
-0.17617798,-0.09396362
-0.34371948,0.053131104
-0.13989258,-0.72558594
-0.54196167,-0.26498413
-0.417511,-0.7652283
-0.44818115,-0.45565796
-0.24169922,-0.30636597
-0.001739502,-0.3734131
-0.57580566,-0.32781982
-0.17282104,-0.647522
-0.36035156,-0.24816895
-0.9411316,-0.545105
-0.6364136,-0.49951172
-0.39505005,-0.647522
-0.45559692,-0.3433838
-0.3975525,-0.44744873
-0.072509766,-0.5350952
-0.23388672,-0.36608887
-0.13684082,-0.3817749
0.0,-0.026428223
-0.222229,-0.9518738
-0.6022339,-0.096069336
-0.6575928,-0.97088623
-0.25354004,-0.66259766
-0.3768921,-0.25994873
-0.1784668,-0.054016113
-0.32025146,-0.49987793
-0.5861206,-0.1973877
-0.17694092,-0.38012695
-0.20452881,-0.50372314
0.23449707,-0.4133911
-0.25201416,-0.51898193
-0.45648193,-0.050720215
-0.4071045,-0.6845093
-0.2802124,-0.3399048
-0.9532471,-0.4529419
-0.6793518,-0.30255127
-0.22447205,-0.23687744
-0.23223877,-0.24511719
-0.1852417,0.09844971
-0.94696045,-0.30029297
0.041931152,-0.2711792
-0.31237793,-0.19921875
-0.33084106,-0.28059387
-0.4242859,-0.68512726
-0.35562134,-0.65561676
-0.52075195,-0.63934326
-0.61938477,-0.75894165
-0.19537354,-0.24172974
-0.6018677,-0.68751526
-0.28903198,-0.34379578
-0.6448364,-0.33926392
-0.25531006,-0.64453125
-0.6085205,-0.18017578
-0.35375977,-0.70318604
-0.38775635,-0.58099365
-0.50567627,-0.43981934
-0.6404114,-0.18890381
-0.3531189,-0.32940674
-0.33721924,-0.3493042
-0.7283325,-0.6746826
-0.6156311,-0.59472656
-0.51556396,-0.3378296
-0.51971436,-0.32318115
-0.6524658,-0.26733398
-0.30706787,-0.61376953
-0.6392517,-0.004699707
-0.35586548,-0.18255615
-0.5353699,-0.64382935
-0.30541992,-0.35690308
-0.49075317,-0.55596924
-0.657135,-0.35281372
-0.38638306,-0.9534149
-0.16641235,-0.51852417
-0.4459839,-0.5512085
0.018371582,-0.3581543
-0.7013855,-0.21899414
-0.38363647,-0.28302002
-0.25860596,-0.114746094
-0.02947998,-0.10760498
-0.68414307,-0.7293091
-0.425354,-0.22045898
-0.17095947,-0.49468994
-0.22723389,-0.40856934
-0.71795654,-0.56463623
-0.3536377,-0.57592773
-0.2781372,-0.45062256
-0.65457153,-0.70651245
-0.11026001,-0.23680115
-0.5911865,-0.90159607
-0.4465332,-0.57196045
-0.036834717,-0.49066162
-0.6960449,-0.526001
-0.32180786,-0.78186035
-0.8022461,-0.4517212
0.25042725,-0.57263184
-0.28079224,-1.0
-0.2824402,-0.5
-1.2618408,-0.1890564
-0.1338501,-0.102264404
-0.77716064,-0.7013855
-0.36444092,-1.1598511
-0.060791016,-0.7077942
-0.1338501,-0.102264404
-0.77716064,-0.7013855
-0.36444092,-1.1598511
-0.060791016,-0.7077942
-0.33016968,-0.30975342
-0.12399292,-0.48999023
-0.38375854,-0.36853027
-0.39797974,-0.29467773
-0.6079407,-0.30975342
-0.35733032,-0.48999023
-0.71154785,-0.16577148
-0.39797974,-0.57244873
-0.1338501,-0.102264404
-0.77716064,-0.7013855
-0.36444092,-1.1598511
-0.060791016,-0.7077942
-0.49346924,-0.2019043
-0.6777344,-0.21520996
-0.18157959,-0.322937
-0.41552734,-0.50994873
-0.095214844,0.16772461
-1.0,-0.9806824
-0.65234375,-0.5377197
-0.7680664,-1.2445679
-0.24230957,-0.23815918
-0.22711182,-0.33190918
-0.49853516,-0.32092285
-0.58392334,0.016113281
-0.082214355,-0.29595947
-0.2703247,-0.6954346
0.21813965,-0.57489014
-0.10797119,-0.3690796
-0.40475464,-0.9212036
-0.45037842,-0.5065918
-0.80892944,-0.091796875
-0.65802,-0.383667
-0.21575928,-0.24383545
-0.5578003,-0.26501465
-0.7001343,-0.83221436
-0.2631836,-0.3984375
-0.8017273,-0.55755615
-0.65356445,-0.34521484
-0.45959473,0.21325684
-0.35272217,-0.21691895
-0.31402588,-0.87823486
-0.19506836,-0.22027588
-0.56707764,-0.56155396
-0.40820312,-0.113220215
-0.47460938,0.16082764
-0.47113037,-0.3112793
-0.54626465,-0.17633057
-0.54455566,-0.025146484
-0.51538086,-0.33480835
-0.33416748,-0.13586426
-0.1565857,-0.14102173
-0.25457764,-0.3435669
-0.36697388,-0.87509155
-0.45516968,-0.2642212
-0.48968506,-0.500473
-0.64312744,-0.7359009
-0.5982361,-0.94033813
-0.74679565,-0.43395996
-0.19223022,-0.24253845
-0.17114258,-0.6067047
-1.0962219,-0.40701294
-0.51963806,-0.48062134
-0.5089874,-0.13491821
-0.55407715,-0.43847656
-0.42141724,-0.45269775
-0.46981812,-0.22650146
-0.6946106,-0.6078491
-0.6612854,-0.40600586
-0.6572876,-0.24511719
-0.48150635,-0.17736816
-0.5460205,0.13848877
-0.65008545,-0.28948975
-0.066986084,-0.42687988
-0.46826172,-0.200531
-0.83377075,-0.4189148
-0.40985107,-1.0195618
-0.50723267,-0.32070923
-0.44308472,-0.72994995
-0.265625,-0.8286438
-0.5308838,-0.8395996
-0.9398804,-0.74938965
-0.50567627,-0.48284912
-0.2654724,-0.048583984
-0.5534973,-0.7515869
-0.5383301,-0.28588867
-0.4841919,-0.4028015
-0.47381592,0.031280518
-0.29229736,-0.62145996
-0.48114014,-0.28875732
-0.5933838,-0.565979
-0.5786743,-0.4359131
-0.12664795,-0.12921143
-0.3276062,-0.17480469
-0.10745239,-0.14672852
-0.48477173,-0.17834473
-0.25500488,-0.083496094
-0.47613525,-0.5
-1.0574951,-1.222229
-0.6036377,-1.0
-0.030303955,-0.5
-0.8206482,-0.8210449
-0.09454346,-0.46292114
-0.51361084,-0.3034973
-0.41860962,-0.33615112
-0.8206482,-0.8210449
-0.09454346,-0.46292114
-0.51361084,-0.3034973
-0.41860962,-0.33615112
0.055786133,-0.3187256
-0.013458252,-0.3166504
-0.48162842,-0.25061035
-0.14624023,-0.29364014
-0.72198486,-0.3187256
-0.03463745,-0.2637329
-0.48162842,-0.25061035
-0.36846924,-0.29364014
-0.8206482,-0.8210449
-0.09454346,-0.46292114
-0.51361084,-0.3034973
-0.41860962,-0.33615112
-0.08868408,-0.42730713
-0.5654907,-0.30895996
-0.15844727,-0.34985352
-0.6000366,-0.12231445
-0.6083374,-0.17327881
-0.5286865,-0.5079956
-0.3133545,-0.4251709
-0.49334717,-0.17230225
-0.19934082,-0.236969
-0.6795654,-0.61602783
-0.75756836,-0.32455444
-0.7003784,-0.43649292
-0.48098755,-0.67251587
-0.45916748,-0.083740234
-0.41629028,-0.44802856
-0.8511963,-0.2725525
-0.3305664,-0.33795166
-0.36175537,-0.24871826
-0.40356445,-0.32165527
-0.33483887,-0.17242432
-0.48583984,-0.48065186
-0.30621338,-0.2932434
-0.49786377,-0.23944092
-0.29553223,-0.3998413
-0.69192505,-0.7116699
-0.44329834,-0.64852905
-0.4677124,-0.7211304
-0.8775635,-0.83776855
-0.4421692,-1.133667
-0.5162964,-0.32669067
-0.41107178,-0.5667114
-0.64974976,-0.24761963
-0.36932373,-0.50109863
-0.40063477,-0.67837524
-0.48602295,-0.3598938
-0.7579956,-1.039856
-0.6636963,-0.8682251
-0.45898438,-0.41635132
-0.7441101,0.05569458
-0.17520142,-0.2420044
-0.6191101,-0.4215088
-0.21618652,-0.26098633
-0.7174988,-1.072998
-0.7956238,-0.23297119
-0.3663025,-0.48895264
-0.6021118,-0.24694824
-0.10253906,-0.20251465
-0.5614319,-0.6627197
-0.4539795,-0.55526733
-0.39178467,-0.26498413
-0.4933777,-0.4043579
-0.42276,-0.66812134
-0.09210205,-0.3017578
-0.45812988,-1.0340576
-0.71655273,-0.35668945
-0.33666992,-0.65527344
-0.20916748,0.0053100586
0.046447754,-0.66030884
-0.401062,-0.5989685
-0.5637207,0.007873535
-0.5675659,-0.14477539
-0.41604614,-0.55444336
-0.5227356,-0.095214844
-0.7395935,-1.0
-0.58395386,-0.42669678
-0.23596191,-0.78060913
-0.35546875,-0.42929077
-0.5220947,-0.19580078
-0.26660156,-0.11767578
-0.49450684,-0.6323242
-0.53289795,-0.08270264
-0.3902588,-0.51519775
-0.32400513,-0.46575928
-0.41296387,-0.49108887
-0.6971741,-0.6230469
-0.6178894,-0.73828125
-0.0020446777,-0.31304932
-0.12878418,-0.43029785
-0.32369995,-0.1404419
-0.7944946,-0.16082764
-0.44281006,-0.8418579
-0.85879517,-0.64468384
-0.18563843,-1.1648865
-0.6569824,-0.43865967
-0.48440552,-0.15133667
-0.3479309,-0.18527222
-0.23937988,-0.30474854
-0.70635986,-0.41281128
-0.44281006,-0.8418579
-0.85879517,-0.64468384
-0.18563843,-1.1648865
-0.6569824,-0.43865967
-0.48440552,-0.15133667
-0.3479309,-0.18527222
-0.23937988,-0.30474854
-0.70635986,-0.41281128
-0.33831787,-0.22625732
-0.12646484,-0.37994385
-0.5300293,-0.36761475
0.08605957,-0.1720581
-0.67163086,-0.5595703
-0.08203125,-0.37994385
-0.5300293,-0.08984375
-0.40307617,-0.20666504
-0.44281006,-0.8418579
-0.85879517,-0.64468384
-0.18563843,-1.1648865
-0.6569824,-0.43865967
-0.48440552,-0.15133667
-0.3479309,-0.18527222
-0.23937988,-0.30474854
-0.70635986,-0.41281128
-0.46655273,-0.52752686
-0.30755615,0.15820312
-0.30749512,-0.15618896
-0.18719482,-0.16882324
-0.047302246,-0.3356018
-0.5545654,-0.40957642
-0.5,-0.6862793
0.0,-0.6759949
-0.4284668,-0.5048828
-0.5980835,-0.28564453
-0.51013184,-0.37731934
-0.20428467,-0.12615967
-0.4390869,-0.5961914
-0.6300659,-0.6278076
-0.120910645,-0.31036377
-0.29797363,-0.41531372
-0.46542358,-0.5085449
-0.3302002,-0.33065796
-0.85806274,-0.5147095
-0.56796265,-0.78930664
-0.5303955,-0.8121338
-0.6398926,-0.37683105
-0.6506653,-0.6705017
-0.5604248,-0.32696533
-0.18121338,-0.64749146
-0.52124023,-0.8677368
-0.5210571,-0.5417023
-0.022094727,-0.33992004
-0.089782715,0.0013427734
-0.567688,-0.805603
-0.68048096,-0.4744873
-0.5263672,-0.051940918
-0.8135071,-0.8475952
-0.16137695,-0.21148682
-0.23956299,-0.52124023
-0.713501,-0.16265869
-0.49273682,-0.4439087
-0.13537598,-0.04663086
-0.2644043,-0.18865967
-0.46746826,-0.22436523
-0.37390137,-0.6293335
-0.6445923,-0.35751343
-0.6154175,-0.41796875
-0.25115967,-0.4606018
-0.4475708,-0.34344482
0.13534546,-0.14471436
-0.1675415,0.009094238
-0.83377075,-0.08807373
-0.5315857,-0.12057495
-0.19763184,-0.72314453
-0.36999512,-0.23516846
-0.062072754,-0.26785278
-0.5315857,-0.12057495
-0.19763184,-0.72314453
-0.36999512,-0.23516846
-0.062072754,-0.26785278
-0.29797363,-0.3649292
-0.2966919,-0.2675171
-0.14141846,-0.24072266
-0.24749756,-0.54382324
-0.46966553,-0.3043213
-0.7189331,-0.4675293
-0.75164795,0.13873291
-0.24749756,-0.26605225
-0.5315857,-0.12057495
-0.19763184,-0.72314453
-0.36999512,-0.23516846
-0.062072754,-0.26785278
-0.18450928,-0.5251465
-0.2446289,-0.619812
-0.42645264,-0.26409912
-0.67736816,-0.18951416
-0.8505249,-0.1307373
-0.2756958,-0.34396362
0.14434814,-0.5201111
-0.5317993,-0.6503906
-0.101135254,-0.8409424
-0.5640869,-0.16027832
-0.44903564,-0.29873657
-0.32702637,-0.12689209
-0.30371094,-0.31726074
-0.79455566,-0.26333618
-0.21942139,-0.46835327
-0.23895264,-0.055389404
-0.7225952,-0.16027832
-0.46218872,-0.5230713
-0.36276245,-0.21820068
-0.7591858,-0.33850098
-0.25164795,-0.51849365
-0.2694397,-0.14916992
-0.442688,0.010131836
-0.6481323,-0.9854126
-0.11932373,-1.0298767
-0.71203613,-0.4187317
-0.020202637,-0.3880005
-0.4505005,-0.53027344
-0.42129517,-0.012664795
-0.4985199,-0.65982056
-0.46757507,-0.8907471
-0.5086975,-0.38720703
-0.15698242,-0.3771515
-0.12451172,-1.3044739
-0.5526123,-0.2734375
-0.12573242,-0.33527374
-0.5751953,-0.038391113
-0.27734375,-0.041748047
-0.3369751,-0.76293945
-0.628479,-0.2810669
-0.32635498,-0.16040039
-0.32336426,-0.30914307
-0.2816162,-0.36480713
-0.5982666,-0.3756714
-0.23168945,-0.28741455
-0.46240234,-0.6433716
-0.1942749,-0.50720215
0.014099121,-0.5762634
-0.69207764,-0.19096375
-0.2475586,-0.4300537
-0.50653076,-0.60092163
-0.54071045,-0.84931946
-0.7081909,-0.44552612
-0.22158813,-0.23666382
-0.53634644,-0.06744385
-0.29440308,-0.17529297
-0.095214844,-0.31985474
-1.0,-0.5312195
-0.66622925,-0.84161377
-0.28170776,-0.32818604
0.0803833,-0.47320557
-0.7642212,-0.07562256
-0.10455322,-0.37176514
-0.86779785,-0.27801514
0.0803833,-0.47320557
-0.7642212,-0.07562256
-0.10455322,-0.37176514
-0.86779785,-0.27801514
-0.23519897,-0.37127686
0.14309692,-0.22332764
-0.46237183,-0.6525879
-0.13259888,-0.3302002
-0.6291504,-0.31066895
-0.6346741,-0.16778564
-0.61053467,-0.5784912
-0.42889404,-0.47833252
0.0803833,-0.47320557
-0.7642212,-0.07562256
-0.10455322,-0.37176514
-0.86779785,-0.27801514
-0.049224854,-0.0099487305
-0.049865723,0.028137207
-0.4133911,-0.13391113
-0.8095398,-0.42419434
-0.18493652,-0.36999512
-0.11224365,-0.8178711
-0.55426025,-0.012939453
-0.4249878,-0.5152588
-0.13336182,-0.39935303
-0.578125,-0.74468994
-0.24798584,-0.520813
0.29840088,-0.05682373
-0.86120605,-0.44091797
-0.24768066,-0.31878662
-0.31478882,-0.4396057
-1.0836182,-0.51672363
-0.17041016,-0.34048462
-0.27069092,-0.38705444
-0.43707275,-0.6365967
-0.55444336,-0.5057373
-0.88879395,-0.6014404
-0.64881897,0.052124023
-0.66729736,0.0725708
-0.6468811,-0.2695923
-0.1854248,-0.67889404
-0.3470459,-0.111206055
-0.2584839,-0.30160522
-0.560791,-0.15258789
-0.25671387,0.034179688
-1.0077515,-0.10211182
-0.35699463,-0.46240234
-0.58258057,-0.103881836
-0.6816101,-0.5163574
-0.2232666,-0.5193176
-0.55599976,-0.5015869
-0.57922363,-0.21728516
-0.38345337,-0.7135315
-0.47421265,-0.42140198
-0.5740051,-0.49642944
-0.69662476,-0.63417053
-0.42807007,-0.28259277
-0.5116272,-0.22546387
-0.6543884,-0.3065796
-0.35620117,0.07659912
-0.6647949,-0.70635986
0.190979,-0.25637817
-0.38311768,-0.030700684
-0.28186035,-0.2862854
-0.3955078,-0.5108948
-0.33920288,-0.71746826
-0.75006104,-0.5557251
-0.45117188,-0.63061523
-0.57198334,-0.39941406
-0.3637619,-0.22640991
-0.37734985,-0.5159302
-0.28382874,-0.7528076
-0.38284302,-0.6053772
-0.63861084,-0.4083557
-0.6177368,-0.5852051
-0.6403198,-0.42492676
-0.5,-0.71484375
0.0,0.05078125
-0.6602783,-0.6929321
-0.827301,-0.25280762
0.019195557,-0.04144287
-0.5814209,-0.08996582
-0.47540283,-0.4276123
-0.56643677,-0.17376709
-0.48345947,-0.4606018
-0.2649231,-0.28393555
-0.6531372,-0.42315674
-0.5429077,-0.4621277
-0.075805664,-0.18487549
-0.48062134,-0.64727783
-0.6216736,-0.49945068
-0.10946655,-0.880249
-0.46636963,-0.33828735
-0.46899414,-0.7121124
-0.48379517,-0.5299988
-0.7703247,-0.4357605
-0.6000061,-0.47277832
0.26913452,-0.43597412
-0.5180664,-0.4192505
-0.9630432,-0.21386719
-0.4746399,-0.505249
-0.16073608,-0.017669678
-0.13955688,-0.11077881
-0.654541,-0.23052979
-0.90475464,-0.095214844
0.29751587,-0.222229
-0.77719116,-0.095214844
-0.222229,0.0
-0.3951416,-0.10217285
-0.30566406,-0.59259033
-0.42260742,-0.66156006
-0.41809082,-0.25994873
-0.4625244,-0.06213379
-0.7776489,-0.2584839
-0.71899414,-0.41577148
0.027282715,-0.6664429
-0.44754028,-0.47940063
-0.6324158,0.10726929
-0.34100342,-0.10147095
-0.9327698,-0.36862183
-0.2166748,-0.3508606
-0.25134277,-0.491333
0.027893066,-0.26226807
-0.7680054,-0.3720398
-0.2166748,-0.3508606
-0.25134277,-0.491333
0.027893066,-0.26226807
-0.7680054,-0.3720398
-0.78604126,-0.03881836
-0.28500366,-0.28234863
-0.80337524,0.1003418
-0.35421753,-0.107177734
-0.45269775,-0.62213135
-0.17895508,0.011230469
-0.22003174,-0.23297119
-0.35421753,-0.37384033
-0.5479431,-0.5269165
-0.65167236,-0.061523438
-0.3152771,-0.32818604
-0.35421753,-0.37384033
-0.2166748,-0.3508606
-0.25134277,-0.491333
0.027893066,-0.26226807
-0.7680054,-0.3720398
-0.6930542,-0.1708374
-0.47683716,-0.21350098
-0.40841675,-0.21154785
-0.14562988,-0.2713623
0.0,-0.5
-0.25,-0.3333435
-0.5,0.0
-0.222229,-0.555542
-0.5324707,-0.0859375
0.10748291,-0.57806396
-0.21490479,-0.3557129
-0.28076172,-0.25439453
-0.539917,-0.33444214
-0.52630615,-0.33135986
-0.26391602,-0.05731201
-0.22363281,-0.60943604
-0.50408936,-0.31747437
-0.6170044,-0.44540405
-0.5155029,-0.9581909
-0.57092285,-0.35095215
-0.3920288,-0.3701172
-0.17114258,-0.10211182
-0.14263916,-0.69207764
-0.48651123,-0.20098877
-0.5877075,-0.5310669
-0.47177124,-0.14788818
-0.15805054,-0.35766602
-0.5313721,-0.37420654
0.1928711,-0.43966675
-0.34429932,-0.3024292
-1.050293,-0.8190918
-0.84558105,-0.3609619
-0.12542725,-0.6420288
-0.9100342,-0.37905884
-0.8591919,-0.80615234
-0.5596924,-0.9214783
-0.8000488,-0.82403564
-0.59088135,-0.44000244
-0.72857666,-0.70996094
-0.6227417,-0.7312927
-0.06350708,-0.3260498
-0.08847046,-0.30819702
-0.4404297,-0.5947876
-0.5210571,-0.808136
-0.5968323,-0.37789917
-0.22836304,-0.21456909
-0.46002197,-0.34906006
-0.46240234,-1.0336609
-0.78800964,-0.30667114
-0.26921082,-0.24325562
-0.87805176,-0.43362427
-0.289917,-0.31939697
-0.5518799,-0.6958313
-0.37069702,-0.46905518
-0.7149658,-0.86050415
-0.5331726,-0.29196167
-0.5913391,-0.46832275
-0.71865845,-0.085754395
-0.6625366,0.05609131
-0.56503296,-0.56829834
-0.5203247,-0.4837036
-0.27557373,-0.7107544
-0.18893433,0.014923096
-0.55578613,-0.8172302
-0.5671692,-0.57995605
-0.10702515,-0.3319397
-0.4520874,-0.93533325
-0.48657227,-0.6253967
-0.7266846,-0.49639893
-0.2843628,-0.69503784
-0.469635,-0.79623413
-0.79785156,-0.63061523
-0.54452515,-0.4859314
-0.2819214,-0.32180786
-0.12185669,-0.1355896
-0.33267212,-0.17059326
-0.32836914,0.04486084
-0.25,-0.6014404
-0.63153076,-0.23632812
-0.113464355,-0.11663818
-0.1505127,-0.21795654
-0.07928467,-0.22991943
-0.15008545,-0.29849243
-0.85849,-0.46813965
-0.3703003,-0.27929688
-0.46951294,-0.018249512
-0.46322632,0.13482666
-0.5253296,-0.2562256
-0.13458252,-0.41400146
0.03048706,-0.5182495
-0.5372925,-0.16149902
-0.02532959,-0.2562256
-0.5184326,-0.35339355
-0.0647583,-0.42303467
-0.59020996,-0.18261719
-0.31103516,-0.56573486
-0.49224854,-0.30004883
-0.6436157,-0.17993164
-0.5111084,-0.3768921
-0.63409424,-0.085632324
-0.5194092,-0.20755005
-0.4921875,-0.26593018
-0.64727783,-0.7861328
-0.1298523,-0.48199463
-0.5162964,-0.6359558
-0.4491577,-0.6021118
-0.57733154,-0.48898315
-0.32696533,-0.12545776
-0.27526855,-0.14712524
-0.7515259,-0.37182617
0.055664062,-0.78637695
-0.24664307,-0.1687622
-0.22332764,-0.62249756
-0.4553833,-0.54833984
-0.18585205,-0.27633667
-0.54748535,0.01739502
-0.4609375,-0.1482544
-0.32580566,-0.43624878
-1.0145264,-0.47088623
-0.63223267,-0.30963135
-0.73809814,-0.3730774
-0.32455444,-0.446167
-0.29644775,-0.13848877
-0.6680298,-0.79663086
-0.7060852,-0.24978638
-0.37368774,-0.38809204
-0.9355774,-0.5982971
-0.4283142,-0.20657349
-0.0899353,-0.40756226
-0.43069458,-0.40545654
-0.46572876,-0.43811035
-0.41540527,-0.7180786
-0.5480652,-0.11639404
-0.4671936,-0.6034241
-0.65267944,-0.6497803
-0.9170532,-0.43493652
-0.35690308,-0.41326904
-0.07223511,-0.16149902
-0.31167603,-0.2888794
-0.7720642,-0.41748047
-0.21643066,-0.25027466
-0.45599365,-0.48950195
-0.57141113,-0.25250244
-0.5977783,-0.21707153
-0.35101318,-0.83709717
-0.47332764,-0.24629211
-0.95718384,-0.7017822
-0.92477417,-0.64250183
-0.3861084,-0.29400635
-0.1020813,-0.26190186
-0.23144531,-0.26220703
-0.7198181,-0.13476562
-0.3531494,-0.57884216
-0.5321045,-0.6347809
-0.60980225,-0.8607178
-0.3793335,-1.0947571
-0.43945312,-0.24023438
-0.41986084,-0.23474121
-0.41107178,-0.35940552
-0.4661255,-0.34085083
-0.3531494,-0.57884216
-0.5321045,-0.6347809
-0.60980225,-0.8607178
-0.3793335,-1.0947571
-0.43945312,-0.24023438
-0.41986084,-0.23474121
-0.41107178,-0.35940552
-0.4661255,-0.34085083
-0.5817261,-0.03314209
-0.4520874,-0.07409668
-0.52996826,0.017456055
-0.4658203,0.07043457
-0.32531738,-0.5203247
-0.029846191,-0.4963379
-0.18029785,-0.58862305
-0.13250732,-0.26287842
-0.42053223,-0.42510986
-0.029846191,-0.4963379
-0.41601562,-0.5751343
-0.43121338,-0.22827148
-0.3531494,-0.57884216
-0.5321045,-0.6347809
-0.60980225,-0.8607178
-0.3793335,-1.0947571
-0.43945312,-0.24023438
-0.41986084,-0.23474121
-0.41107178,-0.35940552
-0.4661255,-0.34085083
-0.19464111,-0.31488037
-0.5081482,-0.36138916
-0.59521484,-0.1538086
-0.5128784,-0.40008545
-0.5640259,-0.48364258
-0.43206787,-0.52612305
-0.12591553,-0.32699585
-0.3725586,-0.27053833
-0.6127014,-0.2234497
-0.49743652,-0.43624878
-0.94137573,-0.64611816
-0.43029785,-0.26641846
-0.12121582,-0.9152832
-0.12908936,-0.019622803
-0.49951172,-0.6552429
-0.56866455,-0.8924866
-0.36132812,-0.13128662
-0.32299805,-0.3356018
-0.43188477,-0.7770996
-0.34729004,-0.027069092
-0.28826904,-0.39031982
-0.7738037,-0.1986084
-0.006652832,-0.2705078
-0.66778564,-0.15057373
-0.7751007,-0.7799072
-0.8196411,-0.3203125
-0.9120178,-0.12210083
-0.5687866,-0.40631104
-0.4312439,-0.31140137
-0.2206726,-0.17602539
-0.5771179,-0.25909424
-0.55462646,-0.35412598
-0.7244873,-0.6928711
-0.5985718,-0.38079834
-0.7229004,-0.2609558
-0.4564209,-0.21264648
-0.4715271,-0.54519653
-0.62527466,0.030426025
-0.8262329,-0.42059326
-0.47982788,-0.6887207
-0.4907837,-0.099975586
-0.017059326,0.27990723
-1.1643372,-0.66137695
-0.8104553,-0.38171387
-0.2475586,-0.15441895
-0.23858643,0.0010375977
-0.55545044,-0.43896484
-0.5593872,-0.39837646
-0.21331787,-0.46235657
0.048706055,-0.90597534
-0.10668945,-0.80862427
-0.15374756,-0.6451874
-0.4477539,0.051940918
-0.40231323,-0.46221924
-0.534729,-0.46325684
-0.8876343,-0.401062
-0.38394165,-0.4260254
-0.011199951,-0.10021973
-0.35507202,-0.1116333
-0.38580322,-0.41967773
-0.31921387,-0.4539795
-0.20605469,-0.7468262
-0.39953613,-0.55929565
-0.41467285,-0.71829224
-0.10644531,-0.25271606
-0.5808716,-0.38015747
-0.6276245,-1.0281982
-1.0867615,-0.14706421
-0.097076416,-0.38305664
-0.18118286,-0.4963379
-0.2786255,-0.08679199
-0.24194336,-0.2662964
-0.45318604,-0.29135132
-0.8317871,-0.5315552
-0.4547119,-0.3399048
-0.2713623,-0.20358276
-0.45318604,-0.29135132
-0.8317871,-0.5315552
-0.4547119,-0.3399048
-0.2713623,-0.20358276
-0.71551514,-0.018920898
-0.21234131,-0.040039062
-0.28479004,-0.02960205
-0.2852173,-0.17315674
-0.32159424,-0.6916504
-0.21234131,-0.54003906
-0.28479004,-0.29626465
-0.2852173,-0.43981934
-0.71551514,-0.5300293
-0.21234131,-0.31781006
-0.28479004,-0.29626465
-0.38043213,-0.26837158
-0.45318604,-0.29135132
-0.8317871,-0.5315552
-0.4547119,-0.3399048
-0.2713623,-0.20358276
-0.78289795,-0.29766846
-0.35925293,-0.4296875
-0.3330078,-0.16296387
-0.5043335,-0.44726562
-0.444458,-0.7890625
-1.0,-0.222229
-0.19250488,0.0
-0.9796753,-0.7543335
-0.4977417,-0.0423584
-0.2456665,-0.4274292
-0.010131836,-0.15222168
-0.42010498,-0.27435303
0.14318848,-0.39871216
-0.37994385,-0.8871765
-0.34466553,-0.5085449
-0.17199707,-0.74923706
-1.157135,-0.49749756
-0.27163696,-0.06518555
-0.25793457,-0.43273926
-0.63238525,-0.18218994
-0.70758057,-0.19989014
-0.29400635,-0.14654541
-0.7498169,-0.5553589
-0.3751831,-0.4128418
-0.3090515,-0.33999634
-0.55285645,-0.4576416
-0.6411743,-0.4701538
-0.28649902,-0.1329956
-0.40222168,-0.44213867
-0.16589355,-1.0395203
-0.5765381,-0.42614746
-0.30096436,-0.13104248
-0.16418457,0.21658325
-0.5780029,-0.4630432
-0.37695312,-0.62457275
-0.317688,-0.28726196
-0.28790283,-0.07299805
-0.35284424,-0.42474365
-0.28076172,-0.054504395
-0.50097656,-0.2064209
-0.27819824,-0.5492859
-0.8512573,0.043762207
-0.6806946,-0.59420776
-0.13873291,-0.38076782
-0.36332703,-0.1359253
-0.6929016,-0.2966919
-0.56051636,-0.30145264
-0.65823364,-0.119628906
-0.38830566,-0.86743164
0.10626221,-0.36584473
-0.48632812,-0.20031738
-0.62127686,-0.4404297
-0.6488037,-0.16436768
-0.36523438,-0.85321045
-0.67401123,-0.44976807
-0.2991333,-0.5438843
-0.22998047,-0.42059326
-0.644928,-0.68603516
-0.41137695,-0.5118408
-0.43618774,-0.68981934
-0.6242676,-0.2758789
-1.0388794,-0.24810791
-0.5856323,-0.6442566
-0.45385742,-0.64471436
-0.42729187,-0.536499
-0.65600586,-0.49874878
-1.1679993,-0.46261597
-0.59651184,-0.42095947
-0.4340515,-0.24133301
-0.37561035,-0.107177734
-0.3130188,-0.31573486
-0.22235107,-0.24212646
-0.33816528,-0.300354
-0.37521362,-0.51464844
-0.42211914,0.10168457
-0.6557312,-0.3595581
-0.1340332,-0.7211304
-0.23400879,-0.97895813
-0.33325195,-0.5046387
-0.22216797,-0.658371
0.027618408,0.10235596
-0.33328247,-0.6158447
-0.40951538,-0.5772095
-1.0614929,0.12945557
-0.05230713,-0.16906738
-0.6662903,-0.5015259
-0.344635,-0.5327759
-0.56640625,-0.36224365
-0.1940918,-0.41549683
-0.4272461,-0.7232971
-0.30621338,-0.23944092
-0.22888184,-0.6618347
